duration_ms,disp_y,straight,traj,v_mean,v_max,v_start,peak_ratio,v_last5,mrl,a_first5,direction,session_id
300.0,533.0,533.0084427098693,542.319496021887,1823.9210012268527,5059.647435247195,1836.7859984904408,2.7740481401309083,167.01185150960436,0.6717193281940596,1016.2313414926771,-1.5651678684076746,session_1
372.0,656.5,656.8045751972195,659.5300424243244,1918.1066993376637,4959.886951289721,1794.5117459484118,2.5858229717770307,134.08272941176472,0.8657550113969842,947.9797464594209,-1.5403411612652194,session_1
328.0,576.0,599.7207683580751,609.7690204173634,2026.76453972338,5877.857105051533,1921.9613758246408,2.9001169547483836,76.46451198545056,0.718390289415652,1412.8707252235943,-1.288602963234598,session_1
300.0,577.0,597.4562745506988,602.6444930095955,2013.275291087836,4722.776656091231,3101.4446603247075,2.3458164569848323,162.29327005784268,0.8601485015959714,658.2679826748835,-1.3083610530030192,session_1
272.0,502.0,502.04880240869016,510.6660197974284,2040.7953262565686,5199.19221366734,2039.5795714355747,2.5476291518047836,469.4833252988158,0.7834997093350795,1095.2357446796989,-1.584739646229998,session_1
316.0,564.0,571.7796778480326,576.8833408160881,1920.5823097523082,3558.4204480852923,1665.6462048193364,1.8527810952101895,264.1563813678515,0.8915428826749034,877.4628773745371,-1.4056476493802699,session_1
283.0,252.0,252.07141845120006,258.2059546772185,1097.0761399695464,2756.7787088250516,1594.8913727517822,2.512839442540546,257.52449721760576,0.8382306508930336,554.7564661469397,-1.5946013529799665,session_1
339.0,694.0,694.6920180914706,703.1105200628818,2108.682824607147,4646.789700213234,1175.910945436516,2.2036445890976295,234.8762679117643,0.8414960339731945,911.0050287982356,-1.526157412203641,session_1
239.0,346.0,370.32418230517976,378.40642205264203,1623.6784068825934,4148.553392332216,2509.763126572474,2.5550323387406206,349.1409880005007,0.8361972401293098,707.6834063590338,1.935255936956543,session_1
217.0,525.0,562.1618983887115,568.1718267332116,2433.7229526060123,4487.080268250246,2986.349802406055,1.8437096218104423,642.6581474225829,0.9464734258672918,748.1896786537328,-1.2051550588266093,session_1
417.0,490.0,519.3110821078249,525.0216459811489,1370.5477504911196,4004.990865564645,1195.432468716391,2.922180523771595,67.91475968317324,0.7841066450323596,800.9946393483491,-1.2332127472075893,session_1
332.0,571.0,574.5754954747026,578.7605234455732,1898.7966385818556,5173.924075188302,536.8796943884051,2.724842273899456,238.07459791965547,0.7934644566425403,1092.9388065169296,-1.4591781218691557,session_1
222.0,435.0,465.2418725781247,470.4438791852009,2023.8043721519305,5430.418511320919,1810.1395037736395,2.6832711218404888,182.85780634451407,0.7053371601659331,1223.4820536396542,-1.208252089530389,session_1
390.0,437.0,469.26538333868183,475.9226319810373,1523.8291379610794,3880.635078898018,1314.7540437230925,2.5466323195906857,155.6978018063205,0.7759140120129207,900.4581884555073,-1.1978086049948355,session_1
345.0,702.0,750.7063340614624,760.4475687593285,2177.6944485837066,5379.616549893002,1099.8109778595506,2.4703254779687893,139.72779848402638,0.8204718292343878,935.9396357113546,-1.208595673093574,session_1
323.0,609.0,628.6628667258788,632.5836569050351,2197.8277854439666,4536.83365044381,2769.999371092444,2.064234339130907,316.7783929679364,0.8751261188987624,942.2062908541337,-1.3200306912319304,session_1
306.0,527.0,570.6925617177782,578.260892219542,1830.2068290401949,4077.285463170687,1535.3491003665467,2.2277718401570348,212.30981971826176,0.8299378758070987,928.1104194764883,-1.17694873020105,session_1
345.0,466.0,471.8389555770062,477.70103266149033,1593.2809920050713,4131.445538998582,2347.3776396546314,2.59304100575401,138.958624084943,0.7992174839555926,1016.9059793442402,-1.4133130044704239,session_1
222.0,245.0,258.6774052753738,260.4899767604393,1154.8142293468459,3454.624282444512,2302.2492170509563,2.9914952579889507,191.26623257294756,0.8183792645347978,450.5179670450992,-1.2441558358237113,session_1
261.0,478.0,500.6845314167395,514.6864759234846,2040.2623950735288,6097.77319355189,4086.5882781389046,2.9887186175450315,378.03636388503617,0.8212517366322705,417.9775480108244,-1.2686263397469704,session_1
345.0,845.0,880.3601535735247,883.7665446091951,2647.172807040825,5951.02061043485,855.7554244088814,2.248065689758116,254.58789763776616,0.8403195342950935,1170.7613868379292,-1.2864115502010378,session_1
332.0,574.0,576.0034722117567,595.10172379471,1778.7555660894445,6135.641842121765,166.4713629693987,3.4493994057943707,155.76735749213304,0.6633402826734681,1507.4793258271498,-1.4873667442800758,session_1
267.0,202.0,202.89159667172024,204.2000924648741,774.4038994512476,3580.785739258489,0.0,4.623919272457955,218.85762833171717,0.7031148551355999,325.8059163151714,-1.4770128442197623,session_2
317.0,202.0,202.48456731316588,211.79644026007213,744.9450400295976,1815.1762949270394,0.0,2.4366547338850477,202.91249019363784,0.6944483041508998,380.2228691017797,-1.6399926054134792,session_2
223.0,182.0,203.48218595248088,205.96548908471604,966.3994025783103,2953.3384212271026,913.507581935863,3.056019444267341,234.729963171473,0.8043455964558386,604.0721897821188,-1.1071487177940904,session_2
272.0,419.0,426.75754240552095,442.86942942588314,1680.2931799241474,3860.006849169042,2137.686350100363,2.297220864826951,277.5586014241606,0.8333887183243115,895.5717247068131,-1.3798345017025526,session_2
173.0,181.0,194.42736432920137,205.95062710675018,1406.4715958785139,1979.0151998721424,1179.1196414919334,1.4070769709067852,1484.34837102362,0.7586405507750578,376.5835810726501,-1.196975618931769,session_2
211.0,38.0,46.61544808322666,47.31839361817639,227.39123871868756,815.0659966963389,367.2595604322068,3.5844055245204594,33.03478804771778,0.8733950953346764,96.32672612781998,-0.953040601228664,session_2
294.0,421.0,424.19924563817887,435.127510494168,1652.7495297561077,5080.008987408272,2420.514362116189,3.073669556262624,157.13370459717217,0.8093812494031021,862.6292911752613,-1.4479033195106075,session_2
200.0,406.0,415.00843364924526,424.941682259499,2268.0691382033274,3765.873995134009,2374.0110982926903,1.6603869217718197,1584.8288552003355,0.8069600919326813,751.2199404763738,-1.3620590982665717,session_2
183.0,141.0,163.6154026979123,164.98871294777592,906.2755342542296,3529.63950919212,1931.2445306878992,3.894660598375354,250.804320033142,0.8053750860623253,187.57257338523485,-1.038762374203587,session_2
227.0,491.0,492.6266334659546,502.5516947437103,2410.4427330558988,5642.003380539642,3708.761569421178,2.340649276798034,636.3936139702104,0.8073845866140297,812.5042121367512,-1.4895094420729733,session_2
189.0,141.5,159.4506193151974,159.48381411684113,945.8643976423024,3655.976079450686,1694.5507857458233,3.865218125711863,197.31054547484842,0.8792368724033665,254.91496547613974,-1.09172217165249,session_2
271.0,431.0,437.8241656190302,453.8984709170562,1826.1618157697926,4325.4155535828595,2216.3926884330444,2.3685815504679097,341.85941494384355,0.8164352550380669,766.991324342895,-1.394007168789756,session_2
172.0,186.0,198.73600579663466,199.1913010879606,1022.8693368671703,2517.3495770186546,161.71669666943689,2.4610642094957504,657.576567611519,0.7048747761190789,629.3373942546636,-1.9307448528223026,session_2
244.0,258.0,276.34217919094436,278.926870142898,1177.297849278785,4066.4495332365523,780.0261371976454,3.454050376187546,251.93133233202965,0.7852666584745827,822.3318903309356,-1.937190737544137,session_2
256.0,368.0,382.4133888869478,403.0564664476074,1584.268836086398,4517.211836042111,1903.4209097106213,2.851289428826672,221.54804734507616,0.6762689577175304,923.9381906885932,-1.846222430490932,session_2
233.0,234.0,246.34325645326686,251.89652886624165,1144.419455611072,4390.45001788785,2716.1078900957064,3.83639596475365,281.7112485113893,0.7911986852667696,121.97951355558422,-1.8886958090872654,session_2
239.0,237.0,242.21684499637922,247.51304362051104,1127.4407292291028,4567.956286643889,2644.6538049872365,4.051611864470606,162.37283838968864,0.7768355841440737,369.014914115544,-1.7787178136765027,session_2
222.0,237.0,243.7580767892625,246.73495012069822,1179.0680572156268,4303.647677273319,1560.9207372274298,3.650038690215812,315.51520330696565,0.7216552645104312,503.7605444953488,-1.806820005420794,session_2
256.0,339.0,339.3316961322653,345.36747232630853,1378.154812289044,4207.31806157246,0.0,3.0528609494338137,246.70978060788474,0.6720148959374855,1036.2294226697409,-1.6150152711905494,session_2
273.0,318.0,320.50585018061685,321.0787440508598,1364.0646126119802,5909.644587446151,2366.7778173252127,4.332375607746662,91.03882352941154,0.8333871138971732,860.1341857290008,-1.4456673385946435,session_2
155.0,202.0,221.96396103872357,224.92927246480824,1479.4447012757673,4977.305900790008,2439.054480272089,3.364304547641011,660.826580011498,0.7124285323847038,369.39269446022945,-1.1434231216511392,session_2
282.0,196.0,204.12006270820123,207.85075177489003,1051.0224037762114,4330.554219733168,668.048253006659,4.120321397386551,185.37416002242836,0.7757883951029885,777.301413318858,-1.2877860700617338,session_2
250.0,359.0,363.3414372184929,368.9517657757357,1444.5553448034268,6416.440953160172,2576.884124768821,4.44180732461032,155.96101495824843,0.778694096925736,841.906626753857,-1.4160545134854197,session_2
222.0,185.0,196.7587355112855,199.35803815191994,896.4157199953316,4671.754752082371,1873.98071826083,5.211588146310681,207.58179148570474,0.8011436676274493,271.60838199316356,-1.2233279711932337,session_2
300.0,271.5,276.2485294078504,276.7898844974116,969.8083639723104,3951.1889146263034,1695.2495227568986,4.074191342556594,133.98931890910595,0.8457414926729536,468.81569157307484,-1.3851148211077697,session_2
256.0,231.0,231.70023737579555,232.44851907019884,1088.717707399006,4604.479147207681,2500.486745068028,4.229264286463831,67.09755651677244,0.8328813889436792,427.529938922871,-1.4930313871921643,session_2
211.0,259.0,262.71086768537003,266.43903520818776,1355.0899714088423,4319.689055477544,2442.514760277793,3.18774838488261,207.8211189888726,0.7485653919807499,614.0665021261304,-1.4025187484520547,session_2
344.0,637.0,637.5719567233176,649.7470471079997,2028.4957193427717,4834.653540119316,2296.8483265025684,2.3833676899836114,180.27107440146057,0.7797551943931996,997.6007720816549,-1.6131571558515934,session_2
339.0,345.0,345.11737133908514,346.3160726981421,1199.1662630374847,3169.924785617254,131.27555305598244,2.643438395397695,93.55573529411734,0.8030881625816274,792.4811964043136,-1.5447152855041444,session_2
350.0,550.0,550.66232847363,556.5650748424673,1757.4840225362861,3917.6461861734183,772.7517033055948,2.2291206672815513,100.19112348085373,0.8294135895912674,741.1210281901374,-1.521744795792157,session_2
317.0,591.0,592.9460346439632,599.2438340935407,2366.4038484943544,5768.631855009714,1669.9992392805345,2.4377197581724257,286.0670762195182,0.8000220909544846,1229.2434172848536,-1.4897559321518907,session_2
401.0,572.0,575.0347815567333,582.269570537304,1762.7111628202697,4712.038433266759,1691.5210121947746,2.6731751970938262,14.61643343653273,0.7616186858095744,964.4032565339235,-1.4680129586451016,session_2
328.0,520.0,520.2778104051719,521.7564695670876,1899.7822119481625,4580.665621456754,2656.900171104025,2.4111517528147006,279.1866296084055,0.9159257339042672,818.2080235201693,-1.6034769949128014,session_2
322.0,635.0,637.464508815981,640.2585115513077,2254.920754734023,5585.909327970913,1064.5011996647622,2.477207608753499,346.06750725362315,0.8037381966235901,1396.4773319927283,-1.6587577402160423,session_2
250.0,316.0,316.697016089511,322.3040789262623,1187.2336881622437,4214.9186820021805,2000.511293742605,3.5501983929787126,165.74813714790614,0.786702648565199,568.91169632075,-1.5044382029235666,session_2
250.0,163.0,183.83144453547658,185.3486729635503,850.5570588562888,2794.3347692188563,1539.6292954883165,3.2852957421581377,291.681884702804,0.8510667718079525,219.16620253227572,-1.0901187341620149,session_2
334.0,183.0,189.70766985021982,191.8092284555,650.3055034609915,2134.3969472368663,1100.6900310424053,3.2821399384404244,144.0221297134231,0.8777068977741467,278.28929587257124,-1.3040819568262398,session_2
245.0,197.0,203.24615617521528,204.03367216029025,961.2746263649005,2795.1649817087205,749.1448349349115,2.9077664147989903,444.92846645956615,0.789862736589535,395.818513137426,-1.3222377266942373,session_2
255.0,332.0,368.5430775363987,375.9632529337399,1496.3725916732262,4133.536410867264,2866.271067821255,2.7623692598351695,398.8356223594998,0.8563355891870621,517.9622497444915,-1.121710795186829,session_2
273.0,707.0,721.9175853239759,742.4635877981689,2571.6782959444386,7058.03035947511,2601.0766144564236,2.7445219824282474,90.4518527075264,0.8388670233117721,1594.1490573426593,-1.36715254616519,session_2
254.0,248.0,248.07257002740147,248.2280205978792,1175.5549513001556,3862.38984907842,1829.482514012222,3.2855857220633755,94.67215374331518,0.9270821454596792,581.7352113778874,-1.5466074971360604,session_2
139.0,330.0,330.21810973960834,344.2479933327214,2843.5132690024807,5623.649831397906,3410.6374224950036,1.9777111346695337,2680.787279299462,0.713713880695296,513.8120176183967,-1.534448705775876,session_2
261.0,556.0,562.3095233054479,577.904681979499,2170.1650959795006,5618.836610429764,2185.4289197277485,2.58912745012437,137.19751164110454,0.7453529580383605,1343.0400822685876,-1.4208511562214512,session_3
283.0,516.0,524.1373865695901,536.5748223689175,2140.0165397671108,5563.870844185851,1579.4313712129115,2.599918337487712,148.32087268038293,0.7452089235218302,1239.5315507020773,-1.3943557830339566,session_3
233.0,355.0,380.1591771876617,383.1254604310382,1660.0186683884665,6484.416158104082,4271.603753837283,3.906228511376073,31.904245098039148,0.7466561620807541,446.0631320484773,-1.204944494095103,session_3
261.0,404.0,416.92325432865937,423.6463125755627,1691.7323544110052,5161.940812844635,2152.8481598109333,3.0512732987060005,221.8100144465023,0.8052704482019661,988.5819655683889,-1.3211638287379737,session_3
228.0,363.0,370.46592285930967,382.9337533042391,1668.7013677465914,4994.547838411952,2496.1735546764316,2.99307290200383,327.0096158015388,0.7772596570207495,880.9194146295567,-1.3696951195341895,session_3
239.0,517.0,548.0994435319196,557.9194486758734,2318.0832537876486,6454.6865977620255,3048.0129261090965,2.7844918005958363,155.25408971546628,0.7740997768097608,1542.3917778571265,-1.2323133468163077,session_3
133.0,499.0,505.85571065275127,526.5795031209819,3953.336151780519,6634.772519840211,4205.313953827023,1.6782713604004196,3802.1494705526156,0.7405117221621136,1184.5904167908827,-1.405972641244031,session_3
184.0,61.0,77.00649323271382,77.49152909476128,368.8825788114267,1482.8228955484396,646.4363352561655,4.019758484035037,84.63897859521505,0.8738479951240194,125.86960341221668,-0.9143089350814397,session_3
293.0,392.0,400.0799920015996,403.5229856477998,1341.6729822630193,4428.141238475098,1338.9546035224932,3.3004599455719443,97.46347138249172,0.7685817928101212,1021.2994380128265,-1.3694792184202558,session_3
122.0,369.0,369.1639202305664,375.2949603638859,2908.5133751185913,6441.241861668157,3070.6952682149895,2.21461579037426,2811.2042392607523,0.7941127895900221,1088.4964124426122,-1.540994854332251,session_3
250.0,150.0,159.42396306703708,160.68423648911812,870.2364399083966,2689.3909190835097,1238.0969481381364,3.090410496894505,301.4355877181571,0.7346272076364686,358.4351763520699,-1.2252407462131845,session_3
178.0,17.0,23.345235059857504,26.446240181798704,251.4143813722821,478.443646474235,116.3571496466285,1.9030006989340953,344.55236954067516,0.47247035775046736,119.61091161855875,2.32590073027357,session_3
255.0,355.0,357.359762704197,360.6654927227658,1446.3181393230986,5452.452827067167,898.8362262407153,3.7698822333354487,156.55762811618652,0.8443052127841351,1137.2902118514778,-1.4558128038118487,session_3
244.0,199.0,261.72695696087555,269.1848338518963,1098.6038549223783,3264.0550842699927,1677.3839025080267,2.971091079422377,571.7042473112089,0.8393255462576404,390.49500646208116,-0.8638277406747282,session_3
223.0,238.0,287.3412605248331,290.30143703976375,1335.860165033887,3271.7914562237966,2201.147692845791,2.4492002177043606,359.4341008793086,0.8429037691276348,386.4844001812566,-0.9760370693115438,session_3
211.0,350.0,365.99043703353783,370.8480016116012,1438.0762443046724,4736.916066933201,2755.3666071436933,3.2939232476511076,392.01459965822335,0.7732726739720212,531.4293747376804,-1.2741053482408418,session_3
200.0,411.0,429.88021587414323,437.4197970334775,2302.955567084076,8258.84858086506,4965.007295441472,3.5861938079544977,337.64006838276885,0.8854345997803712,427.2815908466415,-1.2733235621137906,session_3
250.0,114.0,134.30189872075525,137.01266937306147,638.7676222863871,1547.4589840382296,468.8040622177645,2.4225657461058536,265.9500212773628,0.8028923677163787,328.946511535784,-1.0137755421054992,session_3
183.0,320.0,354.2654372077525,355.9658706748924,1926.024652209908,4674.5820035346715,3191.1568421719458,2.427061133983906,513.2405886691304,0.8210179917327526,625.6531147134776,-1.1273479903751584,session_3
211.0,279.0,321.6224494652076,334.50511495892135,1448.69592263219,4219.374330753034,979.8660041073882,2.912530747346864,267.0039240273914,0.7734039938354956,896.5964895573178,-1.0501075990400341,session_3
283.0,640.0,651.9018331006594,667.6057011167168,2233.233512119413,5844.210912765776,1983.7004370958614,2.616926651030226,159.30200837777787,0.777422217386841,1399.5831202175616,-1.3794175415104721,session_3
328.0,624.0,633.9716081970864,645.0051344253242,2251.5849997323066,5348.822809649298,1279.8616506500184,2.3755800623583663,145.17034455739181,0.7780113302918671,1252.4226542532842,-1.3932001595114087,session_3
317.0,731.40607,743.760606131331,754.452017206775,2378.402994367766,5745.669463659163,448.99816054011126,2.4157668239984993,80.14090788562059,0.8384731870210277,1311.8794977849118,-1.3882745694099758,session_3
328.0,520.0,520.6495942570205,542.9562554666467,1825.604114686653,4781.883793755022,1012.4415840982914,2.6193418035946867,133.55741708323538,0.7501557463397225,950.0783333648966,-1.5208379310729538,session_3
255.0,784.0,804.3979114841112,843.0771148833054,3602.735293262464,7232.304484421465,3339.405966717999,2.007447644155004,942.8456665629379,0.7940883753667798,1195.5847606713885,-1.3451156295981626,session_3
305.0,831.0,857.1236783568635,878.9771680192355,3089.933575699542,6740.422890201543,2839.6908262666543,2.1814128179964953,88.13707682004063,0.6491581642884668,1685.1057225503857,-1.3232709798697313,session_3
299.0,505.5,530.5197922792325,537.2412285119993,2172.6880800468125,4484.509184133549,2618.379035581744,2.0640363249936,149.81236235988868,0.8904212627512272,931.2325176687633,-1.262457784838337,session_3
266.0,482.0,491.27283661932705,496.9633776794044,1851.6500281663066,4593.945036453794,1490.1326036490302,2.480999371141325,156.49074461773225,0.7499274125837627,1069.5339807007201,-1.3761951708490903,session_3
267.0,711.0,739.41192849453,744.0154170253755,2871.114463154384,7014.271345310569,2826.571361262318,2.443047461979902,123.70641067790166,0.8596911199980589,1753.5678363276422,-1.2926824378043675,session_3
283.0,603.0,620.6593268452509,633.213885831302,2468.268036158014,6180.093940631832,4082.3994794140053,2.503816986762294,152.85974674010762,0.7683154601124007,1165.0689804267806,-1.3316792612483277,session_3
305.0,537.5,538.5742752861485,551.4794108469694,2069.0433411156055,4533.453805166282,1368.1788451887958,2.191085862723413,183.62459586883426,0.7963176343060717,1133.3634512915705,-1.5076246793224497,session_3
211.0,217.0,225.41073621280776,230.35909847867177,1306.806853796408,6954.900644565155,3771.3745456403703,5.322052989167819,88.44019818697333,0.7043916181916621,223.51936929460453,-1.29676233356848,session_3
211.0,221.0,240.55352834660314,244.61704995231307,1133.03946865639,4220.048030509073,79.54196078431403,3.7245342485545945,249.51137601010564,0.7396886482230169,1055.0120076272683,-1.1648128378867473,session_3
245.0,187.0,223.8258251408894,225.66792252076064,1203.4377894513439,4141.662914063967,1899.1039530097805,3.4415235327026314,396.30775079507816,0.8071257412827655,419.9347336944894,-0.9889894308332632,session_3
351.0,753.0,759.8769637250493,764.7942708133572,2717.3515749178587,5599.580912264738,1926.8786678146378,2.060675145342155,157.95212184874057,0.8931273364436332,1306.6390927962977,-1.436157659516839,session_3
305.0,398.0,406.3594467955679,410.3220784034191,1715.652380433466,6187.72380076635,2605.4813148676153,3.6066281635530593,117.88612991043597,0.7668192871759486,1059.5498597059716,-1.3676093259042135,session_4
310.0,115.0,115.52488909321661,116.67716995467305,522.6196521785753,1564.139956385783,897.5482701858188,2.992878199255182,140.41662005347627,0.843953859598813,171.01137201161504,-1.4754342798924875,session_4
283.0,361.0,365.3176699805253,368.57850033165033,1418.8115478066834,4659.845634539073,2705.9867977858544,3.2843278992299894,335.8079513216615,0.8732106760103544,798.5559142860344,-1.41689829977705,session_4
239.0,41.0,44.384682042344295,44.8227292251472,265.21863461599327,745.2003318251101,455.11032919058397,2.8097479770080835,69.56915029687687,0.828611737377044,102.04922317847638,-1.1777383076129642,session_4
395.0,166.0,166.3640586184408,170.6439404737308,781.4468029484841,2663.7902094961596,1380.909887237732,3.408788404606682,150.58227450980516,0.8434698593571894,317.7701049009963,1.6369646505280537,session_4
110.0,11.0,20.248456731316587,23.537182126255036,265.7410149376889,574.1779522983586,240.45735353647243,2.160659286161399,265.7410149376889,0.27671608926812435,20.804458290581437,2.5672878234150915,session_4
166.0,199.0,199.7248106770914,199.9003285568915,1418.9344330586873,3396.935590596001,75.43968253968261,2.3940029344911733,1937.1104809574238,0.7708697396747812,849.2338976490003,-1.4855760958227675,session_4
245.0,33.0,36.6742416417845,38.38991788328845,183.96055591409788,557.933003089379,43.460992452053766,3.032878257182765,106.19285304835353,0.7276181342315681,110.35907242321903,-1.1193432352423422,session_4
250.0,223.0,225.88713996153035,228.39735844622817,987.2546669531739,4071.2682675413407,1836.3959442512623,4.123823649557682,177.9027792273752,0.7997959706726236,387.04543301654587,-1.4107422195688113,session_4
249.0,459.0,474.4270228391296,480.5995159995784,1946.4426531734628,4552.091777786451,1919.7377557849425,2.338671232719614,506.7825701677094,0.8047871072551736,809.9375464234557,-1.3150818798263055,session_4
317.0,394.0,395.73349618145795,400.8434008605699,1460.7095781596563,4075.2530432554167,1507.3447527038616,2.7899113651862595,390.45322530910164,0.8157304769099835,613.3269633311098,-1.4771623005711672,session_4
351.0,371.0,376.8248930206177,381.1728122403315,1148.5432643152476,3905.85482785855,1665.2180213220079,3.4007003031678433,115.6312406498013,0.8183642141227692,641.5597918504272,-1.3947405775549329,session_4
256.0,220.0,235.1361307838504,239.02558800140676,803.3110332643829,3881.0187040222204,1777.348385065104,4.831271714244214,94.7736518469162,0.7033166107813037,305.9878196951913,-1.21003461883674,session_4
200.0,160.0,174.24408167854654,179.0680306194728,955.9422891241503,2568.907711095322,914.6912109416149,2.687301370616864,261.85860219315157,0.7525865634066377,601.9755509175134,-1.1636438058533873,session_4
239.0,102.0,108.16653826391968,111.19605364529897,510.5287640686563,1198.395309312758,411.8037846112397,2.3473564004616922,243.34359954104102,0.8418684983063968,244.8725387871756,-1.2315037123408519,session_4
161.0,554.0,564.621111897173,566.0647847993091,3612.356196586707,5742.1341367702735,2796.3736839407243,1.5895809368453315,3591.0932694603775,0.8525223445200674,1347.1585119898334,-1.3765268422082813,session_4
373.0,37.0,39.92492955535426,42.11383491546385,235.75236782098864,496.28925231450864,0.0,2.1051205202351517,275.08546485697303,0.6994797686943148,124.07231307862716,-1.1856388204314225,session_4
228.0,231.0,302.9471901173536,306.8048662505072,1518.3830497125844,4016.2003318077254,2581.3311492937933,2.6450490787017644,360.74752953344654,0.8253679979972416,622.9251702587039,-0.8671825440154443,session_4
250.0,197.0,257.6140524117425,260.4939605625283,1044.520857946381,3543.6517078569846,2226.677681729986,3.392606560502339,134.06058397620603,0.8280911773293674,353.93486645994653,-0.8705909082500747,session_4
255.0,386.0,424.23106911210544,428.4585731763494,1994.955978004249,5871.567818051267,3802.022127527634,2.943205233390633,216.97854920968098,0.824357844162833,648.7061415390822,-1.1429983308861542,session_4
255.0,196.0,214.84878403193255,224.11320980574817,956.293963649033,2170.676991772233,1187.0591389612046,2.269882279301522,333.74012071682796,0.8184071702212494,396.66398514875334,-1.148791296892679,session_4
222.0,261.0,306.6626811335217,312.90586839891006,1434.6595336207085,4595.18097257717,2791.917815726892,3.202974407458002,290.06258320582214,0.8267588287625565,427.63510672018066,-1.0180731968409202,session_4
328.0,608.0,665.6613252998856,674.7180809473731,2126.5496190994213,5006.591159185331,1918.8682342347408,2.354324940219662,309.5703789402284,0.8492190508609925,1013.8461964052519,-1.1515042733993284,session_4
334.0,651.5,651.8069115926894,656.7855770985509,2197.8652547801453,5362.100079455557,1787.3666931518521,2.439684429292961,90.39301948534958,0.7918877081353015,1194.2761312195414,-1.5401075763067333,session_4
323.0,688.0,693.7326574408905,704.3854434390073,2954.932467549686,6556.767558520493,2652.516245191633,2.2189222297304547,457.66779085531726,0.8736713289960478,1557.4793251334247,-1.4421502804521733,session_4
278.0,418.0,418.07654801483426,419.8425051315188,1580.2489959075724,5206.746851599775,908.7885861145184,3.2948880652326316,96.27047058823511,0.8286308285370367,983.9728969311545,-1.589932746498248,session_4
400.0,396.0,396.40887981981433,397.4384040687935,1409.9324049407605,4083.8385218874096,866.5022727789215,2.896476179354723,120.3988980908164,0.8928624883207547,913.9848013145964,-1.5253730473733196,session_4
100.0,37.0,46.400431032480725,46.484811633051095,394.1811658598081,1267.2472662574708,80.98663394951153,3.214877221787275,551.8536322037314,0.45913019384343184,267.3184476237792,2.218607753721995,session_4
384.0,465.0,469.2483351062633,474.55056475596336,1331.4200572877094,3466.1200136257216,253.90990844711988,2.6033237154042705,115.12852517071579,0.7370916681273092,673.1225401493327,-1.4361324191018918,session_4
333.0,568.0,574.3248209854768,586.5072416401399,1968.409833758506,5785.299739458734,1878.0485187884833,2.93907127528465,130.8399094474152,0.7906926562372519,1217.5831022365996,-1.4222507614360982,session_4
334.0,690.0,694.0641180755565,708.1739523128576,2461.9068803714904,5915.521692305069,2630.5941272312084,2.402820080909138,42.452407384229616,0.8111053732634452,1222.678405012851,-1.4625257359344406,session_4
345.0,416.0,416.01923032475315,423.98521146639365,1493.920638986574,5608.173904668884,0.0,3.753994693104037,92.29183318892264,0.677588761136918,1402.043476167221,-1.5804114150945991,session_4
334.0,620.0,620.3224967708329,626.4206809256862,2214.485471643532,4933.386142004368,2924.926838196505,2.2277788576161144,314.2083889772121,0.8757768356452275,1224.0904963719775,-1.6030432092301505,session_4
71.0,66.0,67.468511173732,94.946951491182,1544.0406445589767,4581.718922871637,694.1221969552876,2.9673545004547526,1544.0406445589767,0.40392766858237855,264.0294272643458,-1.7798192696011612,session_4
290.0,191.0,191.94269978303421,202.23659725987702,866.123032755479,3641.865225766868,2156.797679169851,4.204784866874865,116.32067728613197,0.8043044254788504,226.27021298954736,1.4716460775750768,session_4
295.0,440.0,453.06070233468716,460.97095596856167,1896.523446465544,6432.322493597392,2503.342431353124,3.391637005040976,102.68301939451314,0.7332044520382475,1156.0471750339502,-1.3301002927316525,session_4
362.0,391.0,396.042926966257,403.4807443253004,1337.6305522093212,4435.842668071229,1386.9553313854587,3.316191712691508,51.84371692358602,0.7152273464149045,1108.9606670178073,-1.4110440270511801,session_4
344.0,681.0,684.9014527652865,704.0935073242091,2742.35509083998,6395.046129041657,3780.799319291976,2.3319532246021564,163.20314505355356,0.8406299842858268,1064.1532474641886,-1.4640088057505152,session_4
222.0,267.0,302.8828156234685,303.84608937976844,1512.9031432127174,4217.260421925686,961.8526587210162,2.787526520332049,500.76743702482617,0.8307687015148962,895.9629235189421,-1.0790910901052728,session_4
238.0,222.0,241.8677324489565,248.945437031087,1085.5595338187368,3893.699536434074,2644.7485401383256,3.586810145664554,184.59646618200935,0.8067276027361316,244.5061076400238,-1.1626472230398073,session_4
273.0,371.05048,409.39889925136634,412.40533133874914,1651.6529812903636,4119.145259666903,1905.8174614813634,2.4939517031580665,165.48297862108475,0.9065372356563525,965.1614019877273,-1.1345164363073683,session_4
317.0,816.0,826.4484254930854,844.4183793954729,2669.942101662224,6917.224651066372,1829.9364608322294,2.5907760531525637,328.39972240212217,0.8324341474747212,1304.2966436243084,-1.4116153525559894,session_4
322.0,779.0,785.2655601769378,807.3682145028748,2550.3323492795184,8677.127384173595,2950.4162447545364,3.4023502796702734,155.9575001251478,0.811778755620756,2082.7282274637946,-1.444387947043749,session_4
256.0,358.0,385.133743003648,396.05776307131526,1586.2503928845047,4684.7043664905905,2031.7540575113055,2.9533177322995012,394.9919985426643,0.8064343129673509,588.9767177868034,-1.1931829020748381,session_4
244.0,124.0,124.10076550932311,126.58856050569935,536.4401525444753,1791.9185881354147,300.3638120864598,3.340382406599297,200.38080531237162,0.7248169821403926,371.5611642013666,-1.611097075098678,session_4
261.0,260.0,260.27677575995904,264.11635229955345,1002.7448840215743,2251.2890990746846,947.973820377866,2.2451242482748976,384.0765359095188,0.801520056813467,411.31029411764405,-1.5246752107803854,session_4
206.0,99.0,104.35516278555652,104.90169539085639,529.492219066566,1625.4819958685293,719.114632685355,3.069882554367858,213.1770065777509,0.8896537252043933,233.145148079782,-1.2490457723982544,session_4
266.0,282.0,286.75425018646195,288.7121555549391,1485.6498981824768,4759.311137218939,3150.2251491386874,3.203519173341065,235.39597229549568,0.8071625155419041,396.1547293141533,-1.3884475109089311,session_5
245.0,433.0,437.70423804208247,452.6309322855459,1817.7642446921543,6615.708787470268,2709.2975039227967,3.6394736926498257,155.9504246514336,0.5868228816548859,1261.2060660692937,-1.4240527834806997,session_5
261.0,541.0,556.1672410345651,560.7291093785248,2177.0226395378927,7232.766364454389,2727.6645075777014,3.3223187075679417,216.6443978655249,0.8150860421866982,1506.7698459235344,-1.336719979188364,session_5
300.0,726.0,738.0819737671419,745.96042016012,2785.032377347818,6578.191225334693,3560.1625482793715,2.3619793137269656,260.1600865294301,0.8762008114322386,1419.98454242323,-1.3896098176126161,session_5
261.0,379.0,399.71239660535923,410.54423830209936,1660.5296865510313,3941.3712073134448,1117.9426474620554,2.3735611989801786,325.1880314101314,0.7936619380713963,773.7528709737198,-1.2474634952377066,session_5
283.0,522.0,532.0648456720289,535.4743934231393,2097.594181717862,5882.204858871886,3717.931328265306,2.804261236934456,305.398054433815,0.8692146515834795,1062.496810306102,-1.3759809307734052,session_5
105.0,19.0,27.586228448267445,27.610188173895743,431.44344385389184,2002.3962966745582,51.60697419830041,4.641145169904349,431.44344385389184,0.40640066906061856,0.0,-2.3818298987140225,session_5
255.0,559.0,572.8053770697338,578.8992022331014,2321.3834567610297,7018.405573569108,1885.84425660709,3.0233706239946634,349.3210483446036,0.8002656610659139,1714.7924889960154,-1.3508018751643909,session_5
244.0,528.0,551.4208918784271,552.3996170840883,2547.2945146083093,6595.67205643635,3090.069432045788,2.5892842108861283,198.1768650542479,0.8556797373793723,1377.0369557944393,-1.2782973232102726,session_5
249.0,535.0,546.393631002412,553.3937526551813,2202.0150356741046,6255.690889672635,4918.747475716246,2.8408925222733794,320.5736783919413,0.8402545218318483,422.51884206012153,-1.3662221393615535,session_5
278.0,288.0,299.1738624947039,307.6738930071476,1357.114305260233,4991.48816029086,2355.4905847303994,3.67801331319723,121.78575057235062,0.6843278235839347,508.1798651917968,-1.8449637779145553,session_5
228.0,269.0,271.53268679847736,280.0585470868448,1225.693153698787,4081.783616576595,1707.7566031023925,3.3301811910083474,177.44682935090898,0.6920392451404533,512.5133579837565,-1.7074850951599887,session_5
238.0,499.0,500.4448021510464,511.49770019289656,2305.262988301542,6173.190759937336,4418.071498842733,2.677867173245343,355.0399102468512,0.8277219571678386,672.8024484666612,-1.646801934689755,session_5
228.0,165.0,212.55822731665788,214.9657146262511,1055.0305553173846,3829.5841834492962,1385.9170561669641,3.6298290455371682,281.8918412669628,0.7843777879116587,434.8394518443543,-0.8887079782146808,session_5
238.0,233.0,250.50548896181897,263.00014544349517,1093.2102282247067,4934.49333192649,2020.5651811316,4.513760199792073,215.8976862964402,0.646696852726627,469.4759167961652,-1.9468549941698976,session_5
233.0,76.0,82.0792300158816,82.8132415607997,446.08609846853267,1388.0893197262349,608.6882000533568,3.1117002139082306,66.88235294117582,0.6223505419635104,204.3390888575733,-1.958089930000973,session_5
233.0,317.0,324.211350819184,332.106961655942,1459.354214748898,3509.0605873970862,2212.549652832016,2.4045280764634596,222.3212522223342,0.8342961404291754,533.6601819116744,-1.7821050844003512,session_5
267.0,192.0,199.44924166313595,201.95197176541248,1021.2123725684827,4343.766432898776,2543.129817282643,4.253534618307676,147.93078942739996,0.8099189898888649,210.4818942951531,-1.2966288756752378,session_5
272.0,428.0,458.70360800848295,466.83041596555506,1819.8796202738115,5131.852233709848,3400.180412793003,2.8198839948840884,374.26314061363297,0.8467181117464008,551.9488870043461,-1.2028398980511426,session_5
216.0,290.0,320.73197533142843,323.35703656975767,1494.201858982621,4687.682117971252,2150.8378157357492,3.137246117413415,414.0123139655442,0.7973224698473752,634.8344310920751,-1.129460217044522,session_5
251.0,345.0,389.59722791621607,393.6021445726393,1626.0361696368996,4358.949977561772,1946.5546331689532,2.6807197639492726,348.75432430857586,0.8243315347235698,722.6583603658497,-1.0876333999885353,session_5
289.0,318.0,351.60204777560665,355.96776210084437,1436.934876391827,4216.397879439341,2546.6134013312476,2.934297868619437,299.73022409321175,0.8636875612035965,539.1816295922506,-1.1300454790154746,session_5
233.0,299.0,339.1179735726197,344.3243765812706,1543.9307127153272,5331.521902340227,2283.244636151305,3.453210953846935,134.97716189815358,0.7174575585499308,895.063302200778,-1.0794513171300855,session_5
256.0,359.0,369.6281915655244,373.5630318002004,1401.1143745479437,5047.454515683602,504.65297552045917,3.6024545925149916,260.2417155789539,0.7862723112729364,957.7809274203983,-1.3304108072203111,session_5
277.0,524.0,535.216778511287,546.9822628248049,2240.0573568022146,6443.220349528502,4053.859134287311,2.8763627206241593,157.45992140474428,0.8062882509854918,1172.8775105533068,-1.3657057924085805,session_5
283.0,497.0,503.71916779094283,510.62138677619043,1890.43347589484,5508.491891433908,1979.481205190612,2.9138761283045556,193.9319739569682,0.7922714258122974,1324.4090623268419,-1.4072795017176596,session_5
178.0,228.0,250.185930859431,251.60000421041713,1501.0395365031054,4447.897744239372,2111.239184690204,2.9632096109818615,528.7288765964802,0.7436681294449443,640.31367671748,-1.1464844100785099,session_5
256.0,411.0,419.697510118895,421.9217047599341,1988.8170979839358,5425.455034574526,3324.05312432679,2.7279795171183867,145.9577162431002,0.852358569591309,1102.3728721967939,-1.3668588041979102,session_5
183.0,546.0,566.7627369543626,579.8467704136443,3450.2394122445794,6024.5902823962715,4040.4083716559085,1.7461363738641416,2641.3466797678334,0.792296815376783,899.9104302537453,-1.2992827972575953,session_5
217.0,158.0,174.04884371922728,175.43413673538714,881.3093202962536,3625.37790479291,1056.0539772679272,4.113622433893926,61.73034230258173,0.8281325118427675,584.3382977779206,-1.137987267136749,session_5
249.0,459.0,479.58523747087963,488.1968997847362,2082.2479676656935,5841.154504923339,3517.016534947195,2.805214263821472,169.9971367550632,0.778942568949849,965.9666595293289,-1.2767431730622594,session_5
267.0,499.0,514.1760398929534,523.0447490795048,2083.7521533451927,4700.90424175743,1043.3149210708286,2.2559794254951666,1233.9642525369593,0.7740640815676515,1060.4707015925308,-1.3272327570630846,session_5
272.0,463.0,477.0681293064964,482.67269306977147,1792.3947682455218,5389.5019538476545,1923.6842825243084,3.006870496644356,105.83441421330879,0.7757829025364039,1190.9872645250512,-1.3273428277116899,session_5
233.0,149.0,158.826949854236,161.6247339034141,820.0633272492122,2357.778627621901,1052.9845147891454,2.875114243209103,235.08163314479899,0.7539495760101903,363.22956147769094,-1.217184048500894,session_5
245.0,221.0,235.03404008781365,245.9894671467689,1050.8001777464576,3209.551026694445,277.66483335940524,3.054384687289398,115.08690370895883,0.4916405344450595,802.3877566736113,-1.9181133146822869,session_5
239.0,182.0,198.80643852752857,212.89128911576645,851.3315596801972,2450.286972679817,816.7623242266058,2.878178386129466,128.03801964114245,0.39807578565250085,407.1512469785619,-1.9849348772711084,session_5
244.0,229.0,240.35390573069537,248.35894863183407,1061.8201626083737,3430.6132935930236,2020.613184298839,3.2308767374401257,264.00632489569676,0.8086680655909398,510.5543136677758,-1.8793897457187831,session_5
211.0,207.5,215.45359129056075,216.42906871335185,1282.4535115409806,3756.2555611699304,2478.2391265144006,2.92895812472636,213.9581901385008,0.7733268421398314,379.0380966860283,-1.843358082561766,session_5
244.0,285.0,313.2491021535417,318.78160731863613,1364.7786354042146,4628.043483856451,1279.2272468308995,3.391055496285843,208.24142582976674,0.6344328318572634,916.7556027443786,-1.9987448231163787,session_5
278.0,261.0,265.55978611228016,275.8627883192287,1003.4704246516791,3724.356983745783,2144.4985126974784,3.711472885277791,180.20595008399727,0.7684014266033266,563.5839476294645,-1.38521705596132,session_5
272.0,178.0,188.16216410320115,188.72358458816504,860.7185884096705,3729.5869260533677,1243.1956420177892,4.333103343150851,108.72314206927369,0.8088443765243608,443.0539426694734,-1.2406426088506075,session_5
283.0,165.0,169.77926846349644,171.0988020011581,793.3938133758251,3654.575509243739,89.55287168917386,4.606250819429789,209.11958390965174,0.7377572230262645,913.6438773109347,-1.332960399337446,session_5
317.0,377.0,409.93901985539264,417.34558006990767,1386.0550939047064,3819.3412083224907,1320.4195267853256,2.755545915578996,162.0449943156786,0.8409800106845124,673.1410533711089,-1.1671857697895276,session_5
244.0,381.0,411.7001335924,425.28611154496866,1736.5971835537641,4897.062747869833,1632.3542492899444,2.8199170045476576,649.9479724722208,0.7786915489884604,619.9434256099053,-1.1821710482396368,session_5
256.0,360.0,390.0,400.72585747894925,1683.4320195613839,4678.239458924959,2861.110496294728,2.7789875834465145,599.5607554344942,0.8018245263709033,543.7957242040717,-1.176005207095135,session_5
301.0,308.0,346.6193878016635,372.9830889760402,1324.8029550014733,4120.765279364947,1050.1828254110103,3.110471752298146,2114.249087318554,0.8013618754763667,313.7496479237319,-1.0942462080160527,session_5
239.0,136.0,149.88328792764054,153.0450646847465,803.6753024390276,2256.8521650166767,1195.7486518794874,2.808160646478558,133.03980353373672,0.8214402158113354,380.21198010291033,-1.1369906024612,session_5
205.0,184.0,200.63897926375125,204.54667590737776,1063.1351261528152,2275.3401136952343,838.8294214295014,2.1402152158341545,710.5649084886578,0.785910522648662,386.70156475201986,-1.1606689862534056,session_5
99.0,875.0,875.2519637224472,880.8849998851913,8045.6408106666795,18420.702240163413,4522.795502196132,2.2895255187400685,10159.347995749009,0.8699595902869885,2925.2450077796198,1.5947917203867665,session_6
306.0,272.0,350.46397817750113,361.68553622894206,1249.207861718242,4366.417795950019,1852.7570387831213,3.495346478685853,68.45523738135408,0.7195553213129331,877.018665680738,-0.8884797719201485,session_6
294.0,686.0,715.6898769718628,724.01545439103,2552.930899497118,6299.2279777000485,1342.397738665257,2.4674484967424646,358.02520832145746,0.8344140349389682,1574.8069944250121,-1.2817485212330655,session_6
355.0,304.0,315.9303720758737,319.3317654805362,1115.5408566344515,3515.4240558560477,861.4658992524795,3.151315241959591,135.34954831557482,0.8018727863821586,734.2005061784405,-1.2951053575243372,session_6
355.0,585.5,628.6901064912665,632.2068499042339,2122.2638682654756,5386.608129455202,563.5053390139886,2.5381413083738553,146.73347440837466,0.8641665309930703,1095.4755348992144,-1.1979696096625798,session_6
310.0,373.0,411.16663288744627,413.4356296885097,1557.7544061005997,4381.432771125296,2116.7749221077265,2.812657721466668,225.17456899358572,0.8316392405416778,749.8714456665482,-1.136520029532785,session_6
327.0,509.0,561.0499086534103,565.6776794513411,1696.745067867359,4014.1326453675088,1841.584256269588,2.365782789414608,138.5072063211174,0.8338626681639847,938.8319403072168,-1.1366457420838707,session_6
94.0,11.0,18.601075237738275,20.195392394984587,254.90414891295094,940.4048785260229,429.49899810601477,3.689234535027644,305.8849786955411,0.3314587130197617,23.77857142857108,-2.5088438185876103,session_6
81.0,15.0,25.80697580112788,25.84606309425836,400.96420910038614,1478.9587308755877,534.6189454671816,3.688496401455404,400.96420910038614,0.9465477636270421,0.0,0.6202494859828215,session_6
284.0,476.0,478.21752372743515,483.99836416012977,1623.116909171964,4623.589142455817,1319.7650439086062,2.8485848848864883,119.70217984572045,0.7321818003529803,1029.5551246179484,-1.474456833872816,session_6
71.0,20.0,36.89173349139343,43.78073988533066,622.0510104296635,1673.8732613618163,906.5611577336487,2.6908895611568546,622.0510104296635,0.24954291036287163,-405.310420603612,-2.5686265107010873,session_6
528.0,98.5,98.54567468945555,98.64519586362566,335.997618310998,1097.5562499999967,0.0,3.2665498909406416,83.71994117646936,0.7464849742170605,20.65982142857167,-1.5403488862257255,session_6
233.0,154.0,160.72336482291553,162.78369773387763,780.1570278601839,1930.9373355171697,1250.3461361197462,2.4750592400021074,189.7664118580909,0.9264372134903076,278.7930649315511,-1.2805314268658525,session_6
260.0,381.0,418.0251188624913,427.36119967007545,1696.7047955453795,4332.663195136601,2535.0125849004435,2.5535736404695513,582.3711323899431,0.8481810786745977,774.5209432951846,-1.146742575757774,session_6
76.0,20.0,67.05221845696084,77.85610686069461,1033.68311065846,3621.506800530556,1569.103139582773,3.503494697450312,1033.68311065846,0.19986557888022094,-890.6657265964562,-2.838707785214822,session_6
299.0,519.0,526.2413894782508,550.3628293574127,1937.4933429074856,5542.440758157439,205.12622240381992,2.860622937272797,117.82684135609209,0.8199823731873956,1385.6101895393597,-1.4047104425318964,session_6
283.0,584.0,607.6841284746541,613.4989223196715,2165.443054640975,5495.128963330444,2034.3566702308287,2.5376453164667523,253.51821810129545,0.8287419855625205,1373.782240832611,-1.2906883514968428,session_6
272.0,197.0,198.45654436173174,202.10845665973318,767.9264649429541,1890.5540224725453,1311.8007454414042,2.4618914009189474,205.89432916074014,0.8859375543494271,161.56589598368672,-1.4495663220756687,session_6
299.0,400.0,407.9215610874228,415.1736079739853,1361.9276769972125,3505.0774030520834,1632.0282329263575,2.5736130402805646,196.16825765916292,0.8453332633777241,705.3100531184504,-1.373400766945016,session_6
272.0,459.0,460.65388308360104,464.1769861758671,1806.6944265501754,3976.4591471043623,2620.746603872511,2.200957111347361,208.22526019924095,0.8621270364781312,618.6452181157035,-1.486032597682279,session_6
290.0,265.0,278.91575789115967,286.00000703979873,1208.650749257235,4173.136612850775,861.8810394666152,3.4527204510441782,253.45188550063494,0.7926157713946594,750.7823114313592,-1.2535808886986202,session_6
311.0,562.0,572.0952717860898,584.9569365046032,1859.9360293248062,4570.732171538721,2444.588079897114,2.4574660859340955,136.87347592020393,0.8215877868175602,1040.5693033695945,1.7589360659510351,session_6
312.0,486.0,495.00707065657156,499.70715313387814,1673.0964377024914,4025.4658520895973,0.0,2.4059960653680723,232.24873725460247,0.6915394986454854,1006.3664630223993,1.7618528273395064,session_6
273.0,286.0,293.5166094107793,303.2064960142099,1069.4770854144228,3648.2884777740437,72.16830910091419,3.4112793216892627,114.14568786338353,0.6373353369436084,912.0721194435109,1.7975951748487824,session_6
395.0,632.0,636.088044220295,649.6126983853787,1947.3014797903622,5555.620507398664,3199.487344910211,2.852982813433667,74.58673261231084,0.830511082252866,1310.2051875068973,1.684231318602113,session_6
366.0,144.0,153.44380078712857,156.11270828665224,515.4504734429269,1731.2841641057144,465.2889517266893,3.3587723642377174,129.51550232361802,0.8219940296683855,432.82104102642865,1.9234648607545815,session_6
133.0,12.0,12.041594578792296,13.660231132385563,150.7586075332831,248.1258823529448,148.12447160682368,1.6458379430190955,177.27396540357609,0.6880833651904174,47.55693682375798,1.4876550949064553,session_6
238.0,284.0,308.3115307606902,312.6048409621198,1348.3861353637367,4585.92316168987,886.4005595253558,3.4010433957846873,328.8767926535365,0.8089361360201692,980.0302427698938,-1.1710152285520998,session_6
240.0,17.0,22.67156809750927,25.735723862175956,149.53102473676256,283.1912118355747,174.02371567803493,1.8938499116433878,103.95798680925819,0.6885563670237753,51.23277017931467,-0.8478169733934057,session_6
267.0,351.0,371.5979009628553,381.6387563604562,1626.7305412911028,3873.524823541205,2318.0973987320035,2.381170294679889,356.90228674689735,0.8342286459645532,652.0760597336088,-1.2362805083715989,session_6
283.0,291.0,291.29023327259017,292.85422175321673,967.979853844699,3839.943553478588,2104.6925542307913,3.966962299126901,149.02699200085902,0.8161964005370423,313.1326112289533,-1.5261524704422984,session_6
339.0,138.0,138.52075656738234,142.43519666832654,563.4005777078542,1704.612499999996,0.0,3.025572819542058,467.22802834451903,0.713240692740287,92.94165638837485,-1.4840579881189115,session_6
305.0,369.0,375.9587743356976,383.3079901967152,1384.6644010470586,3147.184368056587,1177.3447430356618,2.2728843846872637,377.4199848369391,0.817315823149335,786.7960920141469,-1.378095568132511,session_6
300.0,332.0,336.2038072360276,338.77620779741426,1336.1841861680327,4069.6779268393025,1444.375021643955,3.0457439350233284,224.60291477989412,0.807248118298854,412.93829878438453,-1.4124935082029246,session_6
322.0,206.0,226.01991062736045,239.35973282341666,739.1102966258779,1561.0040911128083,0.0,2.1120013971359373,976.3868101744232,0.8135098730677106,55.73199843895895,-1.1467319917311873,session_6
295.0,197.0,202.76340892774513,205.4935768363323,695.2848259833501,3811.1071013813516,1773.5023927355035,5.481353076616028,52.24152380952194,0.7339756259703234,202.93929513727284,-1.331798453600382,session_6
289.0,224.0,246.9655846469301,251.49877638086951,1005.1505380870335,3385.72917953254,1157.7240687822211,3.3683768578578035,453.6731077281085,0.8238868364420193,562.7802483752153,-1.1361261116456518,session_6
284.0,451.0,452.7703612207849,460.3485617441218,1635.4724454206485,3694.3182882801443,199.4606588718341,2.2588677906231336,422.6292516827257,0.7804922307708413,923.5795720700361,-1.4823359961349396,session_6
284.0,152.0,219.9659064491586,225.5185286512213,789.7955810883582,3172.136169813564,539.353382453738,4.016396431397926,186.37131557885644,0.8520387152341973,653.8213108754958,-0.7628939246032826,session_6
261.0,198.0,226.50386310171402,230.9058106592445,952.3889105160307,3288.817594822727,1495.2213442770524,3.453225993375714,480.80726673353445,0.8253625609712955,221.27164514112144,-1.0636978224025597,session_6
266.0,300.0,320.22492095400696,329.83291865207445,1260.7690934055342,3254.736867018505,1447.6521752036736,2.58154669439133,355.2003297730568,0.8206186504454742,572.2728448267147,-1.2134876437867965,session_6
194.0,146.0,151.11915828246265,154.86182675319037,859.7859034899767,2675.493862151442,999.1638363101653,3.111810439646494,477.64561740435437,0.7492826844023955,230.74796489203766,-1.3097676776138665,session_6
217.0,174.0,178.99720668211557,181.76136133826972,943.6170575334689,3362.5895336480316,1424.4208409178593,3.563506979124088,340.2451283709845,0.7638794862647115,360.7385080291365,-1.3339475658479765,session_6
272.0,133.0,141.7391971192161,144.4741874626693,711.1116197336559,1936.070635461346,701.7323137713905,2.722593555134056,178.05999323608188,0.7125970052384106,410.06068002796644,-1.923786714621807,session_6
295.0,212.0,215.20455385516357,223.97457598353319,754.253223624393,3559.9529276589487,363.13404471852044,4.719831611353032,101.45673771839623,0.46317995260757067,655.4836151424057,-1.7435842750048243,session_6
267.0,144.0,158.8238017426859,162.38203382855366,617.2126299485356,2552.7546954553072,177.7568277276737,4.1359337700759475,112.1754137714451,0.6439691288959691,638.1886738638268,-2.00628236880781,session_6
283.0,138.0,142.12670403551894,146.4693252598416,543.4429986893406,2146.023544100008,905.0776098080951,3.948932271357699,166.3310797957144,0.7497380062121892,245.82004208026513,-1.8123620338902227,session_6
228.0,220.0,222.76669409945464,228.26947612364256,989.7195467804733,3721.033058982253,885.7646133273778,3.7596805189976554,261.91841214429274,0.8888631692741759,673.1545223245803,-1.7285650643908506,session_6
300.0,199.0,203.59273071502332,208.33788146813964,786.7197270887289,3710.651651450645,1643.8218417743517,4.716605936114031,192.7477412099591,0.7821706975489925,329.986217125298,-1.783604924201673,session_6
194.0,233.0,238.0966190436143,241.26887237896483,1478.3745443708995,4402.025635568334,2184.2049710912706,2.977609885613706,645.1182755651183,0.6774123244853417,491.2138290237324,-1.778076243477903,session_6
311.0,362.0,364.4283194264683,379.3737449036098,1197.9889957919297,4316.733725770122,129.3546147092216,3.6033136678378943,117.37766633771972,0.6931780402010258,1079.1834314425305,-1.455290658764393,session_6
294.0,190.0,190.12890364171355,197.15128608455643,844.3986575562499,3230.1382008187866,1218.517253864635,3.8253665452293366,165.0907966504967,0.7296733154468774,467.52474242772956,-1.5339708770660645,session_6
295.0,190.0,192.5123372669918,201.8464193263938,803.1406157998297,2886.927541994786,1158.2293019177641,3.5945435838482402,139.28700692746412,0.7145051653338061,333.7456565216572,-1.4090635199545016,session_6
350.0,389.0,392.5939378034256,408.99600732907567,1226.9298067876448,4095.8531183703017,689.1769330178299,3.3382918545293365,202.0146902366983,0.77574482841866,977.5329716611496,-1.435383331175303,session_6
272.0,305.0,306.1061907247222,311.4917024445608,1156.8518777791387,4215.752236869719,1405.2507456232397,3.64415589730207,213.62010689900376,0.7242344849267714,690.0970145951984,-1.485756019598571,session_6
