owner_id,auc_inertial,auc_touch,auc_fusion,eer_inertial,eer_fusion,far_at_eer,frr_at_eer,thr_fusion,fusion_w,val_auc_fused,has_touch,retry_attempts,catastrophic,run,seed,elapsed_s
user1,0.9825320031706195,1.0,0.9996099360476544,0.04935064935064937,0.0111425245301846,0.011142524530184415,0.012987012987009614,0.4318719203036378,0.38,1.0,True,0,False,0,42,4.88
user10,0.9991111627716038,0.918695148203345,0.9997453875713156,0.013081636032455705,0.005571030640668551,0.004636529226693084,0.005571030640666972,0.4311361563339313,0.5,1.0,True,0,False,0,42,5.18
user12,0.8655578041877647,1.0,0.9999276898461898,0.2375690607734806,0.003810470510271703,0.00381047051027164,0.005524861878451513,0.3088325467170509,0.3,1.0,True,0,False,0,42,5.39
user13,0.9502849002849004,1.0,0.9724635960747072,0.13532763532763534,0.08341247230136119,0.08341247230135987,0.08749999999989062,0.416098006572026,0.8200000000000001,0.9780955634476923,True,0,False,0,42,5.51
user14,0.9895455723513038,1.0,1.0,0.05555555555555558,0.0,0.0,0.0,0.47600895166397095,0.2,0.9991139458229347,True,0,False,0,42,5.31
user15,0.9724125532140409,1.0,1.0,0.0937448149991704,0.0,0.0,0.0,0.1599999964237213,0.0,1.0,True,0,False,0,42,5.13
user16,0.9985340872141334,1.0,1.0,0.016853932584269704,0.0,0.0,0.0,0.38396966457366943,0.2,0.9999639641948239,True,0,False,0,42,5.72
user18,0.9986303577183371,1.0,0.9999932860672467,0.015625,0.0012890750886239124,0.0012890750886238916,0.005208333333330621,0.38413849737119415,0.5,1.0,True,0,False,0,42,4.7
user19,0.9989306865540689,1.0,1.0,0.020618556701030966,0.0,0.0,0.0,0.495364785194397,0.26,1.0,True,0,False,0,42,4.55
user2,0.9986871501522145,1.0,0.9986871501522145,0.01225490196078427,0.01225490196078427,0.012020033388981435,0.01225490196078131,0.8807487654335361,1.0,0.9812497362090069,True,0,False,0,42,6.53
user20,0.9953829123697497,0.9772800515630036,0.9964416156407777,0.03125,0.021269738962294553,0.02126973896229421,0.026041666666653106,0.27462575956578794,0.32,1.0,True,0,False,0,42,5.18
user21,0.9823766176208887,1.0,0.9997166294317741,0.058334665175004,0.010068723030206169,0.010068723030206008,0.014184397163110509,0.47318147047842124,0.5,1.0,True,0,False,0,42,4.35
user22,0.9916518042237856,1.0,0.9997778860012241,0.0357142857142857,0.01144792002579813,0.011447920025797946,0.015306122448971783,0.30962746521420187,0.42,1.0,True,0,False,0,42,5.42
user23,0.9998597262428077,1.0,1.0,0.005789642972016726,0.0,0.0,0.0,0.6555649042129517,0.5,1.0,True,0,False,0,42,4.67
user24,0.9655702535290522,0.9425583266291231,0.9840118873340984,0.10989541432019308,0.07650273224043713,0.07642799678197786,0.07650273224039536,0.22212505458645485,0.32,0.9996075548412967,True,0,False,0,42,4.67
user25,0.9986095937125664,1.0,1.0,0.013020414724320849,0.0,0.0,0.0,0.4451718330383301,0.14,1.0,True,0,False,0,42,5.62
user3,0.8430316998710867,1.0,1.0,0.23292235921359547,0.0,0.0,0.0,0.6811080574989319,0.1,0.9498486083296817,True,0,False,0,42,5.18
user4,0.98137840793688,1.0,0.9999999999999999,0.048128342245989275,0.0,0.0,0.0,0.5410776734352112,0.04,0.9946750315066406,True,0,False,0,42,5.12
user5,0.9985615987368959,1.0,1.0,0.01813471502590669,0.0,0.0,0.0,0.4393867552280426,0.32,1.0,True,0,False,0,42,5.59
user6,0.9996628405703811,1.0,0.9999947523824184,0.009011908593498551,0.000643707756678468,0.0006437077566784576,0.005434782608692699,0.454228551528981,0.5,1.0,True,0,False,0,42,4.56
user7,0.9493221870519751,1.0,0.9999999999999999,0.11207745323268789,0.0,0.0,0.0,0.21746300160884857,0.14,1.0,True,0,False,0,42,6.02
user8,0.9997746491412324,1.0,0.9997746491412324,0.008403361344537785,0.008403361344537785,0.006124813772554112,0.00840336134453546,0.6942321227578561,1.0,0.9992148725229653,True,0,False,0,42,4.96
user9,0.9999979304507272,1.0,1.0,0.000500417014178482,0.0,0.0,0.0,0.6491711139678955,0.5,1.0,True,0,False,0,42,5.04
user1,0.9997795983609259,1.0,1.0,0.010130922693266833,0.0,0.0,0.0,0.4874563217163086,0.5,1.0,True,0,False,1,43,5.14
user10,0.9806192225786617,1.0,1.0,0.040280210157618214,0.0,0.0,0.0,0.3987346887588501,0.26,1.0,True,0,False,1,43,4.85
user12,0.9223523711810305,1.0,0.9999615872638237,0.15245478036175708,0.0025839793281653423,0.0015984654731457544,0.002583979328164707,0.24921249438471904,0.22,1.0,True,0,False,1,43,6.43
user13,0.8149196269170755,1.0,0.9454151847842894,0.2695221895778568,0.1400958713468378,0.14009587134683563,0.14204545454537384,0.10478879096603143,0.24,1.0,True,0,False,1,43,4.66
user14,0.9884520327332879,0.9346886505522651,0.9999187488782495,0.055866816071714426,0.002525252525252486,0.0025612293901072104,0.0025252525252518875,0.40189449770583097,0.38,1.0,True,0,False,1,43,5.15
user15,0.8665335410128088,1.0,0.9987879604648772,0.204654128147912,0.016260162601625994,0.015938795027095696,0.016260162601621612,0.20098593036333723,0.2,0.9922369038390927,True,0,False,1,43,6.66
user16,0.9574276574934915,1.0,1.0,0.11675126903553301,0.0,0.0,0.0,0.35673263669013977,0.4,1.0,True,0,False,1,43,4.57
user18,0.9658038950625873,1.0,0.9994930719837782,0.05808550185873606,0.010695187165775444,0.010377942998760681,0.010695187165769683,0.41798005385783316,0.42,1.0,True,0,False,1,43,4.44
user19,0.99901047553125,1.0,0.9999824155587136,0.020618556701030966,0.0006202512017367033,0.0006202512017366937,0.005154639175255075,0.37942744676670115,0.5,1.0,True,0,False,1,43,5.54
user2,0.9999595106687422,1.0,0.9999595106687422,0.0030473135525260625,0.0030473135525260625,0.0030473135525260135,0.004901960784312524,0.7660428227189071,1.0,0.996941639992379,True,0,False,1,43,5.28
user20,0.9642027184046262,0.6168427594779367,0.9454765314670197,0.0992852703542573,0.12560386473429952,0.12569919204474633,0.12560386473423885,0.08028330313770668,0.14,1.0,True,0,False,1,43,4.5
user21,0.9848529834712141,1.0,0.9999999999999999,0.05448916408668731,0.0,0.0,0.0,0.508274257183075,0.5,1.0,True,0,False,1,43,5.5
user22,0.9989276724130097,1.0,0.9999954562390382,0.0117647058823529,0.0007724393635099645,0.0007724393635099525,0.005882352941173011,0.3402412358528124,0.5,1.0,True,0,False,1,43,4.71
user23,0.9997489985730741,1.0,1.0,0.006653257001392542,0.0,0.0,0.0,0.6576521992683411,0.46,1.0,True,0,False,1,43,4.34
user24,0.9973876559800854,1.0,0.9973876559800854,0.030435461214296862,0.030435461214296862,0.030435461214296387,0.0338983050847314,0.6635293436902574,1.0,0.9971693289608237,True,0,False,1,43,5.59
user25,0.9998244162529877,1.0,0.9999981614267328,0.007258687258687259,0.0003088803088803089,0.00030888030888030413,0.00595238095237741,0.40456816177110416,0.46,1.0,True,0,False,1,43,4.67
user3,0.9915865600885844,0.9857489878542511,0.9979549465379425,0.04890688259109312,0.023157894736842106,0.023157894736841732,0.023504273504268484,0.3504355674040945,0.5,1.0,True,0,False,1,43,4.8
user4,0.960880952925083,1.0,0.9999983676081216,0.10969387755102045,0.0006398976163813789,0.0006398976163813687,0.0025510204081626146,0.304559410419336,0.16,1.0,True,0,False,1,43,5.85
user5,0.9704076024986154,1.0,0.9969423168262166,0.08870967741935487,0.034284803061712645,0.034284803061712096,0.03494623655913039,0.3636691995907241,0.5,1.0,True,0,False,1,43,5.08
user6,0.9998868672559407,1.0,1.0,0.0032537960954446853,0.0,0.0,0.0,0.5437276363372803,0.5,1.0,True,0,False,1,43,4.36
user7,0.8827468764919159,1.0,0.9996345499236583,0.19266055045871555,0.00917431192660545,0.00966650555824054,0.009174311926603401,0.3656122712804638,0.4,1.0,True,0,False,1,43,5.45
user8,0.9995987566993484,0.5862785862785863,0.999442523998737,0.007692307692307665,0.007692307692307665,0.007676315368622938,0.00769230769230572,0.3778257697820664,0.5,1.0,True,1,False,1,43,10.17
user9,1.0,1.0,1.0,0.0,0.0,0.0,0.0,0.646843671798706,0.5,0.9999999999999999,True,0,False,1,43,5.03
user1,0.9899087801742669,1.0,0.9998799627118211,0.03376623376623378,0.0051948051948051965,0.005244182235332592,0.005194805194803846,0.3064713112719647,0.5,1.0,True,0,False,2,44,4.74
user10,0.9961686774157177,1.0,1.0,0.024861878453038666,0.0,0.0,0.0,0.3590337038040161,0.18,1.0,True,0,False,2,44,5.44
user12,0.9466018553818782,1.0,0.9997454144957003,0.12147540983606557,0.009508196721311476,0.00950819672131132,0.010335917312658828,0.23407738634797393,0.24,1.0,True,0,False,2,44,5.2
user13,0.929510691431247,1.0,0.9993834868113002,0.13749999999999996,0.011081629467769628,0.011081629467769454,0.012499999999984374,0.16782535061842568,0.2,0.9999999999999999,True,0,False,2,44,4.64
user14,0.9476445545812683,1.0,1.0,0.10594315245478036,0.0,0.0,0.0,0.36407625675201416,0.28,1.0,True,0,False,2,44,5.48
user15,0.9702521592067833,1.0,0.9971158897597476,0.08130081300813008,0.035230352303523005,0.03514220333442244,0.03523035230351349,0.20977336017719964,0.26,0.9933493210747049,True,0,False,2,44,5.18
user16,0.9993196839718189,1.0,1.0,0.010333863275039745,0.0,0.0,0.0,0.44132694602012634,0.2,0.9998857727299088,True,0,False,2,44,5.28
user18,0.974155834626011,1.0,0.999769621821421,0.057927313124900806,0.005376344086021501,0.004761149023964375,0.005376344086018615,0.4379124455554511,0.44,0.9993113015497767,True,0,False,2,44,4.61
user19,0.9993106038708202,1.0,1.0,0.014563106796116498,0.0,0.0,0.0,0.6002401113510132,0.5,1.0,True,0,False,2,44,4.64
user2,0.9977189545852878,0.7799542931766242,0.9969391621742123,0.021547502448579822,0.025465230166503428,0.02546523016650301,0.027700831024923076,0.3634421161643205,0.46,1.0,True,0,False,2,44,6.27
user20,0.9883942582848704,0.5722929936305732,0.9863818886734976,0.06763285024154586,0.07246376811594202,0.07261146496815171,0.07246376811590703,0.11946795466546171,0.18,1.0,True,2,False,2,44,14.86
user21,0.9982459626431591,1.0,0.9999825379047894,0.01872659176029967,0.0017684887459807075,0.001768488745980679,0.0037453183520585226,0.44136694005639604,0.5,1.0,True,0,False,2,44,4.65
user22,0.9899816388167093,1.0,1.0,0.0357142857142857,0.0,0.0,0.0,0.30589011311531067,0.24,1.0,True,0,False,2,44,4.71
user23,0.9998711588704984,1.0,1.0,0.006030788763688303,0.0,0.0,0.0,0.3796355724334717,0.3,1.0,True,0,False,2,44,5.36
user24,0.9780467254722477,1.0,0.9780467254722477,0.09836065573770492,0.09836065573770492,0.09739847715735886,0.09836065573765118,0.4656347245167214,1.0,0.9942976246657228,True,0,False,2,44,4.67
user25,0.9994268042713208,1.0,0.9999962320740925,0.005952380952380931,0.0006330115524608325,0.0006330115524608224,0.00595238095237741,0.44259848534674145,0.38,1.0,True,0,False,2,44,4.62
user3,0.9995396415633905,1.0,1.0,0.005347593582887722,0.0,0.0,0.0,0.8185779452323914,0.12,1.0,True,0,False,2,44,6.4
user4,0.9985654598355744,1.0,1.0,0.016528925619834656,0.0,0.0,0.0,0.38499999046325684,0.0,1.0,True,0,False,2,44,5.14
user5,0.9610250221999491,1.0,0.9999608753373952,0.08870967741935487,0.0008176614881439084,0.000817661488143895,0.00268817204301003,0.27362000398819114,0.34,1.0,True,0,False,2,44,4.55
user6,0.9997437668126776,1.0,0.9999907588030802,0.010582010582010581,0.0012702445220704986,0.0012702445220704784,0.005291005291002492,0.42676219712291,0.5,1.0,True,0,False,2,44,5.17
user7,0.948793671884437,1.0,0.9999937827294882,0.10557280601405458,0.0008171269815329302,0.0008171269815329168,0.002717391304347088,0.2985827942400279,0.26,1.0,True,0,False,2,44,5.17
user8,0.9993461657900355,1.0,0.9999810764124759,0.011940298507462699,0.002925877763328999,0.002925877763328951,0.002985074626864781,0.35477364746313567,0.34,1.0,True,0,False,2,44,4.71
user9,1.0,0.9409268929503917,1.0,0.0,0.0,0.0,0.0,0.5256676077842712,0.5,1.0,True,0,False,2,44,5.67
user1,0.9984017231601199,1.0,1.0,0.022026431718061623,0.0,0.0,0.0,0.47307735681533813,0.42,1.0,True,0,False,3,45,4.99
user10,0.9943857255564792,1.0,0.9999401610496303,0.03878116343490301,0.003489531405782652,0.003489531405782594,0.005540166204984615,0.3479905046767751,0.44,1.0,True,0,False,3,45,4.69
user12,0.9780251197782747,1.0,1.0,0.08038854463238988,0.0,0.0,0.0,0.5030360817909241,0.24,0.9839654634261563,True,0,False,3,45,6.3
user13,0.8871985512875001,0.902950185394164,0.9143632846276728,0.1875,0.15340909090909094,0.15202321457359097,0.15340909090900376,0.16560229947981414,0.34,1.0,True,0,False,3,45,4.54
user14,0.9957868027309453,1.0,1.0,0.023255813953488413,0.0,0.0,0.0,0.4239876866340637,0.34,1.0,True,0,False,3,45,5.01
user15,0.9067790876240912,0.8405869601467401,0.9110305589094723,0.18848167539267013,0.15774553943638486,0.15774553943638223,0.15968586387430375,0.10903785578385977,0.14,0.9999999999999999,True,0,False,3,45,5.83
user16,0.9999538426032771,1.0,1.0,0.003392568659127625,0.0,0.0,0.0,0.6170393228530884,0.46,0.9999999999999999,True,0,False,3,45,4.55
user18,0.9922948319056085,1.0,1.0,0.03943753030547923,0.0,0.0,0.0,0.4442005455493927,0.18,1.0,True,0,False,3,45,4.25
user19,0.9999955903156276,1.0,1.0,0.0004841833440929632,0.0,0.0,0.0,0.6616623997688293,0.5,1.0,True,0,False,3,45,5.1
user2,0.9994917694957778,1.0,1.0,0.006643414715163594,0.0,0.0,0.0,0.7156603336334229,0.5,1.0,True,0,False,3,45,4.86
user20,0.9713632082940936,1.0,1.0,0.0666127728375101,0.0,0.0,0.0,0.31880438327789307,0.12,0.9999764988849126,True,0,False,3,45,4.41
user21,0.9932827277954752,0.9704648160103293,0.99964810718708,0.021857923497267784,0.011297611362169141,0.011297611362168959,0.016393442622941862,0.37642717358564237,0.42,1.0,True,0,False,3,45,4.75
user22,0.9989758088459268,1.0,1.0,0.015292981326464906,0.0,0.0,0.0,0.5651377439498901,0.38,1.0,True,0,False,3,45,4.59
user23,0.9999525012994928,1.0,1.0,0.005555555555555536,0.0,0.0,0.0,0.5992703437805176,0.32,1.0,True,0,False,3,45,4.27
user24,0.9952126509280951,0.9999999999999999,0.9999999999999999,0.03790322580645161,0.0,0.0,0.0,0.36661621928215027,0.12,1.0,True,0,False,3,45,5.39
user25,0.9997041387598377,1.0,0.9998516113903829,0.011363636363636354,0.007738191197807513,0.007738191197807388,0.011363636363629907,0.6816091203466647,0.92,0.999885548438924,True,0,False,3,45,4.51
user3,0.9939030390276571,1.0,0.9999854221428538,0.03561643835616435,0.002739726027397249,0.001163950781509791,0.0027397260273965096,0.4849545508980344,0.5,1.0,True,0,False,3,45,4.77
user4,0.9967529196705938,0.9999999999999999,0.9993232005744095,0.02160904255319149,0.019283746556473802,0.018450797872340118,0.019283746556468518,0.3756121943846589,0.12,1.0,True,0,False,3,45,5.7
user5,0.9974955669351723,1.0,1.0,0.012953367875647714,0.0,0.0,0.0,0.47167104482650757,0.16,1.0,True,0,False,3,45,5.14
user6,0.9999982172113977,1.0,1.0,0.00016134236850596966,0.0,0.0,0.0,0.6118261814117432,0.5,1.0,True,0,False,3,45,4.38
user7,0.9594448866506452,1.0,1.0,0.06701464893079644,0.0,0.0,0.0,0.42490386962890625,0.08,1.0,True,0,False,3,45,5.33
user8,0.9998705647552004,0.9403753529314067,0.9999888657853936,0.004318219564856336,0.001993024414549078,0.001993024414549045,0.0027932960893846948,0.41594588299206253,0.5,1.0,True,0,False,3,45,4.93
user9,1.0,1.0,0.9999999999999999,0.0,0.0,0.0,0.0,0.7138537764549255,0.5,1.0,True,0,False,3,45,5.36
user1,0.9992800645062203,1.0,0.9999625176441334,0.011204481792717047,0.0032637075718015664,0.0032637075718015135,0.005602240896356974,0.3807266713472633,0.5,1.0,True,0,False,4,46,4.77
user10,0.981198453643405,1.0,0.9999099686527219,0.07378387202089455,0.004570682337577538,0.004570682337577464,0.005571030640666972,0.35022708806694236,0.42,1.0,True,0,False,4,46,4.61
user12,0.8025089922382785,1.0,0.9833053574809111,0.28205128205128205,0.07629204265791632,0.07629204265791507,0.07692307692305721,0.28473906564947227,0.46,1.0,True,0,False,4,46,5.44
user13,0.9987860055620398,1.0,0.9999765846770127,0.017045454545454586,0.002060548422887938,0.0020605484228879054,0.005681818181814954,0.29838671059214683,0.28,1.0,True,0,False,4,46,4.46
user14,0.9945735586624326,1.0,1.0,0.027222040013119054,0.0,0.0,0.0,0.4287268817424774,0.4,1.0,True,0,False,4,46,5.21
user15,0.9604275813199757,0.8409798459773882,0.9835721510234859,0.10666885138456497,0.0706806282722513,0.07078485990496361,0.07068062827223281,0.12471933514074818,0.16,1.0,True,0,False,4,46,5.12
user16,0.9955511101639091,1.0,1.0,0.0313295165394402,0.0,0.0,0.0,0.4026678204536438,0.04,1.0,True,0,False,4,46,4.49
user18,0.9989843071182147,1.0,1.0,0.016129032258064502,0.0,0.0,0.0,0.40262892842292786,0.38,1.0,True,0,False,4,46,4.52
user19,0.9986218243375007,1.0,1.0,0.027658559847401048,0.0,0.0,0.0,0.4290429949760437,0.48,1.0,True,0,False,4,46,4.93
user2,0.9992334888538268,1.0,1.0,0.007075859799243048,0.0,0.0,0.0,0.6128407716751099,0.5,1.0,True,0,False,4,46,5.15
user20,0.9934963534963536,1.0,0.9934963534963536,0.046031746031746035,0.046031746031746035,0.0460317460317453,0.04864864864862235,0.6043429393616934,1.0,0.9768610098128486,True,0,False,4,46,4.81
user21,0.9840900655558835,1.0,0.9998703191936538,0.05673758865248224,0.007092198581560294,0.006778058007566097,0.0070921985815552546,0.4464050707551083,0.5,1.0,True,0,False,4,46,4.95
user22,0.9994496759202641,1.0,1.0,0.01025641025641022,0.0,0.0,0.0,0.5547067523002625,0.5,1.0,True,0,False,4,46,4.57
user23,1.0,1.0,1.0,0.0,0.0,0.0,0.0,0.47126057744026184,0.26,1.0,True,0,False,4,46,4.11
user24,0.9960502154921058,1.0,0.9997769134586958,0.03389830508474578,0.004237288135593209,0.0024003840614497934,0.004237288135591425,0.3224304307058285,0.34,1.0,True,0,False,4,46,5.05
user25,0.9995821265436101,1.0,1.0,0.005864637818988746,0.0,0.0,0.0,0.6505867838859558,0.52,0.9999985715142805,True,0,False,4,46,4.55
user3,0.9996139110807521,1.0,1.0,0.0099640640313623,0.0,0.0,0.0,0.7669410109519958,0.5,1.0,True,0,False,4,46,4.73
user4,0.9931460217091769,1.0,1.0,0.04132231404958675,0.0,0.0,0.0,0.32368865609169006,0.02,1.0,True,0,False,4,46,5.51
user5,0.9975502039677107,1.0,1.0,0.023323615160349864,0.0,0.0,0.0,0.34754520654678345,0.32,1.0,True,0,False,4,46,5.04
user6,0.9993947623531778,1.0,0.9999956644867706,0.008727388130752143,0.0007933989209774674,0.0007933989209774548,0.005464480874313954,0.3791252553406234,0.5,0.9999999999999999,True,0,False,4,46,4.16
user7,0.9513739579696694,1.0,0.9995715861000178,0.10742598285067141,0.012619317262578872,0.012619317262578667,0.013157894736837778,0.24231264464553554,0.26,1.0,True,0,False,4,46,5.35
user8,0.9995559539103864,1.0,0.9999275119833178,0.011173184357541888,0.005586592178770999,0.005385996409335639,0.0055865921787693895,0.38150361627756524,0.5,1.0,True,0,False,4,46,4.72
user9,1.0,1.0,1.0,0.0,0.0,0.0,0.0,0.6505657434463501,0.5,1.0,True,0,False,4,46,4.95
user1,0.9998795687680692,1.0,1.0,0.005000833472245374,0.0,0.0,0.0,0.5284028649330139,0.5,1.0,True,0,False,5,47,4.75
user10,0.9895330430504791,1.0,1.0,0.05372676104383421,0.0,0.0,0.0,0.45531484484672546,0.28,1.0,True,0,False,5,47,4.39
user12,0.9324601166789708,0.8975367772836127,0.9697368421052631,0.15000000000000002,0.1101607937050975,0.11016079370509561,0.1105263157894446,0.1957214754450782,0.36,1.0,True,0,False,5,47,6.13
user13,0.9028250081353727,1.0,0.99999796615685,0.1875,0.00016270745200130165,0.00016270745200129902,0.012499999999984374,0.2339024703538732,0.08,1.0,True,0,False,5,47,4.57
user14,0.8988791190045029,1.0,0.9998973646619501,0.18645513476629136,0.005458887751620608,0.005458887751620514,0.005494505494503985,0.3941113458929189,0.3,1.0,True,0,False,5,47,4.89
user15,0.9972321048335582,1.0,0.9998797820995101,0.025906735751295318,0.005181347150259086,0.004623287671232798,0.005181347150257725,0.24790823789317326,0.14,0.956992311097933,True,0,False,5,47,5.48
user16,0.9999035894693774,1.0,0.9999999999999999,0.003321707357581797,0.0,0.0,0.0,0.5982320308685303,0.22,0.9999992110304258,True,0,False,5,47,4.47
user18,0.9990671508936837,1.0,1.0,0.016129032258064502,0.0,0.0,0.0,0.5069782733917236,0.5,1.0,True,0,False,5,47,4.22
user19,0.9998212759344159,1.0,0.9999766881653586,0.007926023778071334,0.0016512549537648614,0.001651254953764834,0.005882352941173011,0.36163532962257355,0.5,1.0,True,0,False,5,47,5.0
user2,0.9999852553603085,1.0,1.0,0.0008594018563080096,0.0,0.0,0.0,0.6780611276626587,0.5,1.0,True,0,False,5,47,4.94
user20,0.9949893312893602,0.9182963208485251,0.9980449328803447,0.032151143520053035,0.02083333333333337,0.020550215445806753,0.020833333333322483,0.22455150558164816,0.2,1.0,True,0,False,5,47,4.34
user21,0.9877404616630827,1.0,0.9999883447845823,0.05258833196384552,0.0011503697617091207,0.0011503697617091019,0.0070921985815552546,0.4218216456981007,0.44,1.0,True,0,False,5,47,5.3
user22,0.9999426794208249,1.0,1.0,0.0029707872586235353,0.0,0.0,0.0,0.6117712259292603,0.5,1.0,True,0,False,5,47,4.51
user23,0.9982160753096416,1.0,1.0,0.02259887005649719,0.0,0.0,0.0,0.5088906288146973,0.5,1.0,True,0,False,5,47,4.06
user24,0.9974602124453266,0.7699305325835263,0.9372707391480133,0.022222222222222254,0.08336089976844195,0.08336089976844056,0.08888888888883952,0.18736873755402175,0.24,1.0,True,0,False,5,47,5.22
user25,0.9996722389181066,1.0,1.0,0.011363636363636354,0.0,0.0,0.0,0.59798264503479,0.62,0.9998082781987911,True,0,False,5,47,4.5
user3,0.9998992138681718,1.0,1.0,0.004605150946614361,0.0,0.0,0.0,0.7742564082145691,0.52,0.9917150871703473,True,0,False,5,47,4.56
user4,0.9829929057670377,1.0,0.9990323263347163,0.06632653061224492,0.017857142857142905,0.017655125128556434,0.0178571428571383,0.3945140576256172,0.48,0.9906432352393777,True,0,False,5,47,5.87
user5,0.9624852136761556,1.0,1.0,0.09139784946236562,0.0,0.0,0.0,0.34467366337776184,0.06,1.0,True,0,False,5,47,4.93
user6,1.0,1.0,1.0,0.0,0.0,0.0,0.0,0.7426599860191345,0.5,1.0,True,0,False,5,47,4.05
user7,0.9767588359285704,1.0,1.0,0.07065217391304346,0.0,0.0,0.0,0.43499112129211426,0.22,1.0,True,0,False,5,47,5.72
user8,0.9996981599620394,0.6008396161754627,0.9996876153318922,0.01025641025641022,0.01025641025641022,0.010109664153529641,0.010256410256407627,0.31506861619999693,0.5,1.0,True,0,False,5,47,4.83
user9,1.0,1.0,1.0,0.0,0.0,0.0,0.0,0.5598891973495483,0.5,1.0,True,0,False,5,47,4.85
user1,0.9940011018301723,1.0,1.0,0.038961038961038974,0.0,0.0,0.0,0.3962818682193756,0.48,0.9999999999999999,True,0,False,6,48,4.8
user10,0.9846810718882384,1.0,1.0,0.07227230338824993,0.0,0.0,0.0,0.37816494703292847,0.28,1.0,True,0,False,6,48,4.77
user12,0.9487504408520132,1.0,0.9991605357479721,0.12105263157894741,0.013157894736842146,0.013246065139473068,0.013157894736838644,0.2320136867713129,0.26,1.0,True,0,False,6,48,6.36
user13,0.9685255934972745,0.9191964959975835,0.9781506158092022,0.09659090909090906,0.06818181818181823,0.06796556411418112,0.06818181818177944,0.12685440154746172,0.2,1.0,True,0,False,6,48,4.47
user14,0.9755376764047283,1.0,1.0,0.05555555555555558,0.0,0.0,0.0,0.35357993841171265,0.18,1.0,True,0,False,6,48,4.72
user15,0.9611451761686254,1.0,1.0,0.09214092140921404,0.0,0.0,0.0,0.1828460693359375,0.06,0.9977106878542291,True,0,False,6,48,5.98
user16,0.9980863093881424,0.6226201269265639,0.9978398172581633,0.027198549410698096,0.02780296161982472,0.0278029616198243,0.027932960893839145,0.2663880780352751,0.48,1.0,True,0,False,6,48,4.43
user18,0.9980542835087252,1.0,0.9999999999999999,0.020942408376963373,0.0,0.0,0.0,0.4698961079120636,0.36,1.0,True,0,False,6,48,4.29
user19,0.9999922336799414,0.9732709151313802,1.0,0.0007550588945937784,0.0,0.0,0.0,0.39766502380371094,0.5,1.0,True,0,False,6,48,5.19
user2,0.9999739714605742,1.0,1.0,0.0010871253300201895,0.0,0.0,0.0,0.5818648934364319,0.38,0.9990795464666061,True,0,False,6,48,5.18
user20,0.985846656843556,0.7160091047040971,0.9846891425304041,0.06763285024154586,0.07010622154779969,0.07010622154779864,0.07246376811590703,0.10725828523836657,0.22,1.0,True,0,False,6,48,4.21
user21,0.9900750166419172,1.0,1.0,0.041238670694864046,0.0,0.0,0.0,0.519659698009491,0.42,0.9999999999999999,True,0,False,6,48,5.26
user22,0.9985957624335384,1.0,0.9999884607532465,0.019465821638750568,0.001358080579447714,0.0013580805794476934,0.005882352941173011,0.3162740576909429,0.42,1.0,True,0,False,6,48,4.61
user23,0.9997710723248805,1.0,0.9999983735156297,0.005376344086021501,0.0003025260928755105,0.00030252609287550596,0.005376344086018615,0.4673045044938152,0.5,1.0,True,0,False,6,48,4.28
user24,0.9855332536877397,1.0,0.9999991738008959,0.063804052010886,0.00015119443604475356,0.00015119443604475125,0.005464480874313954,0.34120016620081284,0.36,0.9957995888084384,True,0,False,6,48,5.45
user25,0.9984857924510168,1.0,1.0,0.017045454545454586,0.0,0.0,0.0,0.5582455992698669,0.5,1.0,True,0,False,6,48,4.61
user3,0.9299154414693995,0.9379048822878812,0.9491035026664667,0.15170940170940173,0.12687628377310792,0.12687628377310592,0.12606837606834914,0.1686377612702333,0.5,0.9999999999999999,True,0,False,6,48,4.74
user4,0.9874004087803208,0.9086462606500474,0.997220142571246,0.05446623093681913,0.02614379084967322,0.02524455664247357,0.026143790849667507,0.2952946690253881,0.18,1.0,True,0,False,6,48,5.62
user5,0.9995878198336247,1.0,1.0,0.012953367875647714,0.0,0.0,0.0,0.4675500988960266,0.1,1.0,True,0,False,6,48,5.1
user6,0.9999194603514816,1.0,1.0,0.005434782608695676,0.0,0.0,0.0,0.4596157670021057,0.5,1.0,True,0,False,6,48,4.23
user7,0.9151469894670649,0.9999999999999999,0.9999981971561219,0.14678899082568808,0.0006288319446627889,0.0006288319446627789,0.0022935779816508502,0.32834757717126867,0.32,1.0,True,0,False,6,48,5.35
user8,0.999944571842496,0.1727017324800999,0.9999267627955002,0.0021851100358982363,0.0023411893241766816,0.002341189324176645,0.0025641025641019066,0.32872078194342114,0.5,1.0,True,2,True,6,48,14.92
user9,1.0,1.0,1.0,0.0,0.0,0.0,0.0,0.811225175857544,0.5,1.0,True,0,False,6,48,4.5
user1,0.9986716525690735,1.0,0.9999880411934889,0.01904761904761905,0.0028011204481792618,0.002134646962233134,0.002801120448178487,0.3823379344260532,0.42,1.0,True,0,False,7,49,4.52
user10,0.999738974302043,1.0,1.0,0.0027932960893854997,0.0,0.0,0.0,0.5200678110122681,0.28,1.0,True,0,False,7,49,5.63
user12,0.933183321695514,1.0,1.0,0.09651474530831095,0.0,0.0,0.0,0.43912142515182495,0.14,1.0,True,0,False,7,49,5.09
user13,0.9759272480828054,1.0,0.9997961395166785,0.07446978153404561,0.005681818181818232,0.005581247010046156,0.005681818181814954,0.314548045436184,0.32,1.0,True,0,False,7,49,4.19
user14,0.9939879709339303,1.0,1.0,0.03206081639398446,0.0,0.0,0.0,0.44999998807907104,0.0,1.0,True,0,False,7,49,5.75
user15,0.9764834715795288,1.0,0.9999782008988068,0.07408018478798878,0.002590673575129543,0.0021448605840620008,0.0025906735751288624,0.27099689374590435,0.16,0.9825012161973676,True,0,False,7,49,4.99
user16,0.9978696446700507,1.0,1.0,0.025380710659898442,0.0,0.0,0.0,0.40679386258125305,0.18,1.0,True,0,False,7,49,4.51
user18,0.9999818545015037,1.0,1.0,0.0016015374759769379,0.0,0.0,0.0,0.6635766625404358,0.5,1.0,True,0,False,7,49,4.7
user19,0.9994930137101837,0.9126971483192607,0.9994133578236138,0.00588235294117645,0.01640911263342361,0.01640911263342335,0.01764705882351903,0.2639723494684542,0.26,1.0,True,0,False,7,49,4.52
user2,0.9796243982417235,0.7708162259812777,0.9796243982417235,0.07144030218426671,0.07144030218426671,0.07144030218426553,0.07262569832400206,0.5044141479324759,1.0,0.979105422067943,True,0,False,7,49,4.99
user20,0.9977539340682107,1.0,1.0,0.018843819865857554,0.0,0.0,0.0,0.4765928387641907,0.26,0.9792266948890395,True,0,False,7,49,4.77
user21,0.9949834774476757,1.0,0.9999092742639002,0.031289910600255426,0.005464480874316946,0.004948914431672973,0.005464480874313954,0.44537040400868955,0.5,1.0,True,0,False,7,49,4.51
user22,0.9986786494110149,1.0,0.9998210085372368,0.02352941176470591,0.0070097180181615424,0.0070097180181614305,0.011764705882346021,0.38131303226129254,0.5,1.0,True,0,False,7,49,4.31
user23,0.9995642354440581,0.9444001911741278,0.9997694664929856,0.0117647058823529,0.010355265254102278,0.010355265254102113,0.011764705882346021,0.3794397252683182,0.6,0.9999865278700478,True,0,False,7,49,5.01
user24,0.9930167597765363,1.0,1.0,0.04469273743016755,0.0,0.0,0.0,0.4630008339881897,0.24,1.0,True,0,False,7,49,4.54
user25,0.9992543300704873,0.9438093704717437,0.9438093704717437,0.016261471582675897,0.05619062952825632,0.05619062952825542,0.012711864406774276,0.13375492985591064,0.06,1.0,True,0,False,7,49,4.11
user3,0.9974719923601195,1.0,0.9999986486060372,0.03013698630136985,0.0003288391976323578,0.00032883919763235236,0.0027397260273965096,0.45897228927135625,0.42,1.0,True,0,False,7,49,5.78
user4,0.9913067482879864,1.0,1.0,0.0401069518716578,0.0,0.0,0.0,0.38543808460235596,0.22,1.0,True,0,False,7,49,5.0
user5,0.9908691523791692,1.0,0.9999632225104983,0.04243119266055046,0.002915451895043719,0.002948885976408864,0.0029154518950428817,0.359527346735098,0.34,1.0,True,0,False,7,49,4.96
user6,0.9992331930573876,1.0,0.9999956381857644,0.016393442622950838,0.00031928480204342275,0.00031928480204341766,0.005464480874313954,0.44711383723322,0.5,1.0,True,0,False,7,49,4.82
user7,0.9527914166374617,1.0,1.0,0.09782608695652173,0.0,0.0,0.0,0.38803812861442566,0.3,1.0,True,0,False,7,49,5.22
user8,0.999731863760183,1.0,0.9999866964055524,0.0037773033338807686,0.0026276892757431435,0.0026276892757431,0.0027932960893846948,0.4385553951881303,0.5,1.0,True,0,False,7,49,5.23
user9,1.0,1.0,1.0,0.0,0.0,0.0,0.0,0.5140440464019775,0.5,1.0,True,0,False,7,49,4.9
user1,0.9999856616177638,1.0,1.0,0.0027932960893854997,0.0,0.0,0.0,0.273017019033432,0.22,1.0,True,0,False,8,50,4.56
user10,0.9957199205404657,1.0,0.9992419226039496,0.03629356030191103,0.010277822386381886,0.01027782238638172,0.010958904109586038,0.2889284208400188,0.5,1.0,True,0,False,8,50,5.69
user12,0.9727265987731725,0.942369607211848,0.9932482122886094,0.0851577591757888,0.044736842105263186,0.04426915647134507,0.04473684210525139,0.2324716534269483,0.32,1.0,True,0,False,8,50,5.14
user13,0.8188181003457266,1.0,0.9797239854908184,0.26136363636363635,0.05049875311720698,0.050498753117206197,0.051136363636334586,0.07673464925434821,0.1,1.0,True,0,False,8,50,4.12
user14,0.9142282247914915,1.0,0.9991775404138219,0.16666666666666663,0.013718528082633958,0.013718528082633736,0.015151515151511325,0.2624524822151992,0.32,1.0,True,0,False,8,50,5.96
user15,0.9664441815458549,1.0,0.9664441815458549,0.08549222797927458,0.08549222797927458,0.0857234933934888,0.08549222797925246,0.606443869532287,1.0,0.999021385558775,True,0,False,8,50,5.11
user16,0.9999862525633241,1.0,1.0,0.0017222483168936903,0.0,0.0,0.0,0.5887196063995361,0.18,0.9995778820925625,True,0,False,8,50,4.41
user18,0.9997532705149784,1.0,0.9999930607332337,0.009852216748768461,0.0004695570511817186,0.0004695570511817112,0.0049261083743818105,0.5328211159955394,0.48,1.0,True,0,False,8,50,4.5
user19,0.9848148422670745,1.0,1.0,0.046391752577319534,0.0,0.0,0.0,0.34954389929771423,0.24,0.9989064635813317,True,0,False,8,50,4.26
user2,0.999729811109737,1.0,1.0,0.008379888268156388,0.0,0.0,0.0,0.5160269141197205,0.36,1.0,True,0,False,8,50,4.52
user20,0.985206214486689,1.0,0.9999999999999999,0.0429218042765725,0.0,0.0,0.0,0.3946596682071686,0.08,0.9925303845921796,True,0,False,8,50,5.13
user21,0.9983315058720954,1.0,1.0,0.01652377240841777,0.0,0.0,0.0,0.5736396312713623,0.44,1.0,True,0,False,8,50,4.44
user22,0.9998837596148836,0.9999999999999999,1.0,0.001563232765358762,0.0,0.0,0.0,0.6319776773452759,0.5,1.0,True,0,False,8,50,4.19
user23,0.9996530025408317,1.0,1.0,0.011299435028248594,0.0,0.0,0.0,0.30368316173553467,0.28,1.0,True,0,False,8,50,5.23
user24,0.9985362930271509,0.9446442533229085,0.979960549763259,0.010152284263959421,0.02799061767005473,0.027990617670054292,0.030456852791862714,0.2633296036263571,0.16,0.9965488868391263,True,0,False,8,50,4.5
user25,0.9987714176255335,1.0,0.9999999999999999,0.016949152542372836,0.0,0.0,0.0,0.4431105852127075,0.34,1.0,True,0,False,8,50,4.1
user3,0.9898411909250701,1.0,0.9999907605192588,0.04480488196563353,0.002739726027397249,0.0028906375461698586,0.0027397260273965096,0.45869989213469925,0.5,1.0,True,0,False,8,50,6.15
user4,0.9974037283177813,1.0,1.0,0.02754820936639113,0.0,0.0,0.0,0.4440115988254547,0.3,1.0,True,0,False,8,50,4.87
user5,0.994220227403667,0.9388280746941403,0.9967740705595283,0.03157894736842104,0.023684210526315752,0.02350289761751411,0.02368421052630956,0.2864558394331682,0.42,1.0,True,0,False,8,50,4.37
user6,1.0,1.0,1.0,0.0,0.0,0.0,0.0,0.6102821230888367,0.5,1.0,True,0,False,8,50,5.13
user7,0.9732313387162914,1.0,0.9998337579688426,0.09098241651879335,0.006452653653815131,0.006452653653815027,0.0076335877862576,0.2367864708147389,0.18,0.9916779807037406,True,0,False,8,50,4.93
user8,0.9998687141876501,1.0,0.9999982077022205,0.004491498235482836,0.00048123195380173246,0.0004812319538017247,0.0027932960893846948,0.3290613766354477,0.38,1.0,True,0,False,8,50,4.5
user9,1.0,0.9999999999999999,1.0,0.0,0.0,0.0,0.0,0.6513742208480835,0.5,1.0,True,0,False,8,50,5.44
user1,0.9997712150387981,1.0,0.9999918291085286,0.008474576271186418,0.0011248593925759281,0.00112485939257591,0.002824858757061349,0.3967095819983895,0.5,1.0,True,0,False,9,51,4.31
user10,0.9977470228516254,1.0,1.0,0.01377410468319562,0.0,0.0,0.0,0.46407800912857056,0.5,1.0,True,0,False,9,51,4.38
user12,0.8998931342959596,1.0,0.9992394167470247,0.16704361873990306,0.018087855297157618,0.018255250403876926,0.018087855297152948,0.22596893747896402,0.22,1.0,True,0,False,9,51,6.07
user13,0.9883603059181094,1.0,1.0,0.05681818181818177,0.0,0.0,0.0,0.2659003436565399,0.16,1.0,True,0,False,9,51,4.44
user14,0.9747591158292662,1.0,0.9999999999999999,0.08831126896997094,0.0,0.0,0.0,0.584326982498169,0.08,1.0,True,0,False,9,51,4.44
user15,0.9533616035258291,1.0,0.9998018118067779,0.08392396907216494,0.005420054200542035,0.005637886597938053,0.005420054200540537,0.1557083437274788,0.06,1.0,True,0,False,9,51,5.98
user16,0.9998866994319661,1.0,1.0,0.004878048780487809,0.0,0.0,0.0,0.6101571321487427,0.5,1.0,True,0,False,9,51,4.41
user18,0.999447307453526,1.0,0.9999999999999999,0.010752688172043001,0.0,0.0,0.0,0.5318219661712646,0.5,1.0,True,0,False,9,51,4.31
user19,0.9998136914559586,1.0,1.0,0.005464480874316946,0.0,0.0,0.0,0.6727199554443359,0.4,1.0,True,0,False,9,51,5.14
user2,0.9998569440738914,1.0,0.9998569440738914,0.004502331564560219,0.004502331564560219,0.004502331564560146,0.008379888268154084,0.8654374173310893,1.0,0.9978705681267424,True,0,False,9,51,4.83
user20,0.9961844197138315,1.0,0.9961844197138315,0.027027027027026973,0.027027027027026973,0.026908635794743008,0.02702702702701242,0.6383576538111715,1.0,0.9709044058305072,True,0,False,9,51,4.03
user21,0.9975195427269005,1.0,1.0,0.0179080824088748,0.0,0.0,0.0,0.6567550301551819,0.5,1.0,True,0,False,9,51,5.15
user22,0.9993010547718897,1.0,1.0,0.011627906976744207,0.0,0.0,0.0,0.6060459017753601,0.5,1.0,True,0,False,9,51,4.51
user23,0.9998367290222848,1.0,1.0,0.005555555555555536,0.0,0.0,0.0,0.6538266539573669,0.5,1.0,True,0,False,9,51,4.15
user24,0.9974179338659624,1.0,0.9997273594765302,0.029661016949152574,0.010408452925406087,0.010408452925405922,0.012711864406774276,0.4090380207293982,0.46,1.0,True,0,False,9,51,5.57
user25,0.9991207627118645,1.0,1.0,0.016949152542372836,0.0,0.0,0.0,0.5179919004440308,0.44,0.9996447742342911,True,0,False,9,51,4.61
user3,0.9659765017919039,1.0,0.9985990792899061,0.11616161616161613,0.02020202020202022,0.019899692606374052,0.0202020202020151,0.37237199287112416,0.5,1.0,True,0,False,9,51,4.86
user4,0.9890203938321093,0.9362729320888317,0.994387950074523,0.052341597796143224,0.03581267217630857,0.0357257804956544,0.035812672176298674,0.18529883058890492,0.18,1.0,True,0,False,9,51,6.3
user5,0.9794676732772907,1.0,1.0,0.07809493264913406,0.0,0.0,0.0,0.32421258091926575,0.1,1.0,True,0,False,9,51,4.98
user6,1.0,1.0,1.0,0.0,0.0,0.0,0.0,0.5318344235420227,0.48,1.0,True,0,False,9,51,4.3
user7,0.935071977348305,1.0,0.9825269694537306,0.13329040566645203,0.06889890534449453,0.06889890534449342,0.07123287671230925,0.20118046482378485,0.28,1.0,True,0,False,9,51,5.9
user8,0.9996560198596727,0.6888637465653791,0.9997409788099946,0.007434944237918215,0.0061419104574107,0.0061419104574106,0.00769230769230572,0.37979155009621773,0.5,1.0,True,0,False,9,51,4.88
user9,1.0,1.0,1.0,0.0,0.0,0.0,0.0,0.5538808107376099,0.5,1.0,True,0,False,9,51,5.34
