owner_id,auc_inertial,auc_touch,auc_fusion,eer_inertial,eer_fusion,far_at_eer,frr_at_eer,thr_fusion,fusion_w,val_auc_fused,has_touch,retry_attempts,catastrophic,run,seed,elapsed_s
user1,0.9568214048049987,1.0,0.9997712511981787,0.10617059891107083,0.012704174228675091,0.012677512378257726,0.012704174228673983,0.4462261079876479,0.32,1.0,True,0,False,0,42,8.88
user10,0.9878741710855713,0.9111539924987769,0.9930850168696285,0.05719557195571956,0.040590405904059046,0.040604446377126485,0.04059040590405529,0.43873116758183506,0.34,1.0,True,0,False,0,42,6.99
user12,0.9413043358454003,1.0,0.9999958917135863,0.14193548387096777,0.0010871928680147858,0.0010871928680147801,0.0018433179723500604,0.3433048895686366,0.3,1.0,True,0,False,0,42,10.04
user13,0.966691923874871,1.0,0.9957046326452555,0.10198744769874477,0.03601108033240996,0.035983263598326175,0.0360110803324,0.4454287395913185,0.5,0.980735293117678,True,0,False,0,42,6.0
user14,0.9892842499197523,1.0,1.0,0.05355575065847229,0.0,0.0,0.0,0.4858511686325073,0.14,0.9978510346029051,True,0,False,0,42,8.41
user15,0.971422673922549,1.0,1.0,0.09723732869262562,0.0,0.0,0.0,0.1599999964237213,0.0,0.9999999999999999,True,0,False,0,42,7.25
user16,0.9912327815294677,1.0,1.0,0.044938480223900304,0.0,0.0,0.0,0.3938351273536682,0.18,0.9983812845103167,True,0,False,0,42,6.41
user18,0.9995637888161364,1.0,0.9999998175611946,0.009576212898788425,0.00010581450716893285,0.00010581450716893231,0.0017241379310341854,0.5777728478496437,0.48,1.0,True,0,False,0,42,5.91
user19,0.9979161350930201,1.0,1.0,0.019807732938939362,0.0,0.0,0.0,0.4952813386917114,0.34,1.0,True,0,False,0,42,6.83
user2,0.9972590924787323,1.0,0.9972590924787323,0.02255309831399168,0.02255309831399168,0.02255309831399156,0.023083264633139068,0.851828287721646,1.0,0.9878089084422242,True,0,False,0,42,6.73
user20,0.8739689876567156,0.9734840481724065,0.9445631705765472,0.21311475409836067,0.11567716036340588,0.11567716036340528,0.1165755919854068,0.25211539162142244,0.38,1.0,True,0,False,0,42,7.84
user21,0.9891579159939619,1.0,0.9999575962444547,0.04141419463617683,0.004847462985404921,0.004847462985404896,0.00597609561752869,0.5325566471310799,0.5,1.0,True,0,False,0,42,6.17
user22,0.9433966287019983,1.0,0.9997251318130483,0.12407446583456738,0.005923418658768775,0.005923418658768744,0.006980802792319898,0.38531454755156846,0.26,1.0,True,0,False,0,42,7.65
user23,0.9981651669563901,1.0,0.9999999999999999,0.016885553470919357,0.0,0.0,0.0,0.6259855628013611,0.34,1.0,True,0,False,0,42,6.01
user24,0.9896735387505031,0.9437994722955145,0.9861864655228101,0.04691292875989446,0.03578154425612057,0.03572559366754599,0.03578154425611379,0.38898848170179984,0.38,0.9970781276081115,True,0,False,0,42,8.85
user25,0.9986102387215069,1.0,1.0,0.013157894736842146,0.0,0.0,0.0,0.4343344271183014,0.06,1.0,True,0,False,0,42,6.18
user3,0.9475670791196333,1.0,0.9999999999999999,0.11727554853813905,0.0,0.0,0.0,0.6745717525482178,0.16,0.9908699712995211,True,0,False,0,42,9.65
user4,0.9753416276513867,1.0,1.0,0.07559089423810042,0.0,0.0,0.0,0.5376229882240295,0.06,0.9995977661412936,True,0,False,0,42,7.85
user5,0.9934022456294184,1.0,1.0,0.032127399844634336,0.0,0.0,0.0,0.3540903329849243,0.3,1.0,True,0,False,0,42,7.45
user6,0.9981227004456353,1.0,1.0,0.02582655540297877,0.0,0.0,0.0,0.45137205719947815,0.3,1.0,True,0,False,0,42,5.9
user7,0.8919980845477588,1.0,1.0,0.19255813953488377,0.0,0.0,0.0,0.22164253890514374,0.1,1.0,True,0,False,0,42,8.61
user8,0.9987047169782738,1.0,0.9987047169782738,0.014869888475836479,0.014869888475836479,0.015213257267046917,0.014869888475835048,0.7552384338380267,1.0,0.9973281597258409,True,0,False,0,42,7.08
user9,0.9999958700895365,1.0,1.0,0.000892060660124927,0.0,0.0,0.0,0.560664713382721,0.5,1.0,True,0,False,0,42,6.74
user1,0.9970619445635448,1.0,1.0,0.025574084927273696,0.0,0.0,0.0,0.368405282497406,0.14,1.0,True,0,False,1,43,6.66
user10,0.9950623725821087,1.0,1.0,0.027791190514512582,0.0,0.0,0.0,0.40428510308265686,0.3,1.0,True,0,False,1,43,7.87
user12,0.9846598871578934,1.0,0.9999384286817001,0.05179110919292188,0.004230118443316444,0.00410012947777296,0.004230118443316055,0.29370198220455085,0.28,1.0,True,0,False,1,43,7.23
user13,0.9406436038340675,1.0,0.979293982029782,0.14583333333333337,0.09469696969696972,0.0941636268890042,0.09469696969695175,0.15853285070161258,0.24,1.0,True,0,False,1,43,6.36
user14,0.9827362508323496,0.934711233112654,0.9999911631893816,0.06321334503950837,0.0008779631255487752,0.0006458905215565927,0.0008779631255486499,0.3737023046552547,0.3,1.0,True,0,False,1,43,7.1
user15,0.9725785449593801,1.0,0.9997137637218987,0.07937956204379559,0.010036496350364965,0.009988186016539525,0.010036496350364047,0.2582950582433211,0.2,0.9979979494139951,True,0,False,1,43,8.09
user16,0.9843934962746326,1.0,1.0,0.05619385836640903,0.0,0.0,0.0,0.39230871200561523,0.32,1.0,True,0,False,1,43,5.95
user18,0.989836557772902,1.0,1.0,0.029464005851008255,0.0,0.0,0.0,0.5009851455688477,0.44,1.0,True,0,False,1,43,7.0
user19,0.9970741504407968,1.0,0.9999995248855901,0.025500910746812377,0.0001565026866294538,0.00015650268662945302,0.0018214936247719813,0.4318000418481658,0.4,1.0,True,0,False,1,43,6.02
user2,0.9986057109406272,1.0,0.9986057109406272,0.011726560389084031,0.011726560389084031,0.011726560389083969,0.011541632316569534,0.890725431632944,1.0,0.9965318713935822,True,0,False,1,43,8.22
user20,0.9860140773255784,0.6077509662592708,0.9207948181036555,0.05594405594405594,0.09056722030711375,0.0905672203071133,0.09090909090907501,0.131550304365173,0.14,0.9999999999999999,True,0,False,1,43,6.14
user21,0.9736402970780536,1.0,0.9999993324774422,0.08592321755027421,0.00010432423973710292,0.00010432423973710238,0.0018281535648991172,0.4252757131151735,0.36,1.0,True,0,False,1,43,7.36
user22,0.9963269796537657,1.0,0.9999534862321775,0.027184466019417486,0.001941747572815511,0.0018226318804353393,0.0019417475728151568,0.497560488680034,0.5,1.0,True,0,False,1,43,6.55
user23,0.995552683679841,1.0,1.0,0.030018761726078758,0.0,0.0,0.0,0.5212759971618652,0.26,1.0,True,0,False,1,43,7.35
user24,0.9905918058842301,1.0,0.9905918058842301,0.04290429042904287,0.04290429042904287,0.042434072833821466,0.04290429042903582,0.8353469243439119,1.0,0.990305540433913,True,0,False,1,43,6.52
user25,0.9992505700242896,1.0,0.9999892818066111,0.012452456624811129,0.002292502474860626,0.0022925024748606145,0.0038095238095230835,0.4987958710873002,0.5,1.0,True,0,False,1,43,7.7
user3,0.9811275447138926,0.9856895056374675,0.9979486925582698,0.06884215091066782,0.027211621856027754,0.027211621856027608,0.027559055118108064,0.4753161246104025,0.5,1.0,True,0,False,1,43,7.63
user4,0.9511475585060518,1.0,0.9984979928515461,0.10596026490066224,0.025662251655629187,0.025283630470016073,0.025662251655627015,0.3630028356459273,0.24,1.0,True,0,False,1,43,8.89
user5,0.9926256804585762,1.0,0.99999846115375,0.035778175313059046,0.0008944543828264262,0.0008064516129032216,0.0008944543828263958,0.3937017002125696,0.38,1.0,True,0,False,1,43,6.5
user6,0.9954544379059199,1.0,0.9998242076683276,0.026970629662475872,0.00910746812386154,0.009077155824508274,0.009107468123859907,0.38151135069213815,0.42,1.0,True,0,False,1,43,6.64
user7,0.915140556905731,1.0,1.0,0.16234309623430965,0.0,0.0,0.0,0.38413581252098083,0.28,1.0,True,0,False,1,43,7.27
user8,0.9993952798523291,0.5826841454897115,0.9981835300730064,0.009954751131221684,0.014479638009049722,0.014452264546284779,0.014479638009048463,0.2356258710285358,0.28,1.0,True,1,False,1,43,13.87
user9,0.9998646357513963,1.0,1.0,0.005484460694698323,0.0,0.0,0.0,0.46109911799430847,0.5,1.0,True,0,False,1,43,7.71
user1,0.9690828142762753,1.0,0.9999999999999999,0.08983666061705986,0.0,0.0,0.0,0.3402448892593384,0.3,1.0,True,0,False,2,44,6.48
user10,0.9913910929676926,1.0,1.0,0.04746505892025212,0.0,0.0,0.0,0.353539377450943,0.18,1.0,True,0,False,2,44,8.18
user12,0.9897250231814781,1.0,0.9999162929929913,0.04977400507110572,0.004230118443316444,0.004299415720427713,0.004230118443316055,0.3580450178201225,0.32,1.0,True,0,False,2,44,7.03
user13,0.9704968547147435,1.0,0.9991582967443673,0.09523809523809523,0.014712861888941622,0.014712861888941548,0.016620498614953846,0.2113799041320093,0.2,1.0,True,0,False,2,44,6.65
user14,0.9740041560682837,0.9999999999999999,0.9999845029251443,0.09067357512953367,0.001596388858306727,0.0015963888583067183,0.0017271157167528732,0.42007376247206724,0.4,1.0,True,0,False,2,44,7.17
user15,0.9809028612033465,1.0,0.9993477288490155,0.06021897810218979,0.015635286372613563,0.015635286372613477,0.01642335766423208,0.219324059289015,0.22,0.9840213835541087,True,0,False,2,44,8.0
user16,0.9905743149063873,0.9999999999999999,0.9905743149063873,0.05129572357896982,0.05129572357896982,0.051295723578969554,0.05263157894735918,0.7615106151380353,1.0,0.9939453126539698,True,0,False,2,44,5.9
user18,0.9908978375810982,1.0,0.9999759521364592,0.031088082901554404,0.003454231433506094,0.0,0.003454231433505448,0.42009805120508903,0.42,0.9928618371210393,True,0,False,2,44,7.2
user19,0.9912770129924657,1.0,1.0,0.04778761061946901,0.0,0.0,0.0,0.48062530159950256,0.24,0.9997594573477196,True,0,False,2,44,5.89
user2,0.9962213939293354,0.7787397654348307,0.98787141080963,0.025558751936269088,0.028846153846153855,0.028822748395662602,0.028846153846151534,0.20292603167203754,0.2,1.0,True,0,False,2,44,8.12
user20,0.9851642864388171,0.5672461604095563,0.9610637802364018,0.04895104895104896,0.05244755244755239,0.05215443686006799,0.052447552447543275,0.15326795097550142,0.16,1.0,True,2,False,2,44,20.25
user21,0.9922429259374717,1.0,1.0,0.045454545454545414,0.0,0.0,0.0,0.4689629375934601,0.18,1.0,True,0,False,2,44,7.98
user22,0.9802574810902464,1.0,0.9999239598437241,0.079835742093755,0.0049597354807743585,0.0049597354807743325,0.005235602094239924,0.3548889599347533,0.38,1.0,True,0,False,2,44,6.52
user23,0.9967748821513792,1.0,0.9999853229006781,0.026266416510318913,0.0018761726078799779,0.001649725932627313,0.0018761726078795728,0.31007304798554897,0.28,1.0,True,0,False,2,44,7.88
user24,0.9905082962031682,1.0,0.9935350773212328,0.04708097928436916,0.04143126177024481,0.041079125206193584,0.04143126177023702,0.7829529743765911,0.9400000000000001,0.9921647952443857,True,0,False,2,44,6.38
user25,0.9997134599358122,1.0,0.9999999999999999,0.008138730783552317,0.0,0.0,0.0,0.5318689942359924,0.48,1.0,True,0,False,2,44,7.71
user3,0.9721323294496259,1.0,1.0,0.08483655843445939,0.0,0.0,0.0,0.7882567644119263,0.08,1.0,True,0,False,2,44,7.91
user4,0.9912306863817867,1.0,1.0,0.046152171546750845,0.0,0.0,0.0,0.3850419819355011,0.02,1.0,True,0,False,2,44,9.54
user5,0.9839879596987526,1.0,0.9997891846777596,0.04561717352415029,0.007155635062611854,0.007030649236515397,0.007155635062611167,0.34344324859165976,0.34,1.0,True,0,False,2,44,6.66
user6,0.9982274999454279,1.0,0.9999986417624103,0.02003642987249543,0.0007456724367509987,0.0007456724367509948,0.0018214936247719813,0.35836021904939025,0.36,1.0,True,0,False,2,44,6.35
user7,0.9874985710827203,1.0,1.0,0.04909120861018066,0.0,0.0,0.0,0.3915145993232727,0.22,1.0,True,0,False,2,44,7.75
user8,0.9987146068052067,1.0,0.9999948051545904,0.014028934677772907,0.0018587360594795044,0.001863217886891704,0.001858736059479381,0.365645655631863,0.3,1.0,True,0,False,2,44,7.24
user9,1.0,0.9406164006604293,1.0,0.0,0.0,0.0,0.0,0.527719259262085,0.5,1.0,True,0,False,2,44,6.04
user1,0.9934267769481633,1.0,1.0,0.037934668071654354,0.0,0.0,0.0,0.5226765275001526,0.14,1.0,True,0,False,3,45,8.78
user10,0.970535597584638,1.0,0.9996985449826374,0.08594449418084149,0.008952551477171,0.008924198726669158,0.008952551477170192,0.35424244211738193,0.44,1.0,True,0,False,3,45,6.86
user12,0.9965424926393353,1.0,1.0,0.027918781725888353,0.0,0.0,0.0,0.5792696475982666,0.3,0.9864433052195338,True,0,False,3,45,9.07
user13,0.9536402262102198,0.9064114731625013,0.9560641211226469,0.1117424242424242,0.10814088368659706,0.10814088368659651,0.10984848484846403,0.28112033933485964,0.4,1.0,True,0,False,3,45,6.05
user14,0.9436615390093048,1.0,1.0,0.12445462478184992,0.0,0.0,0.0,0.32624366879463196,0.2,0.9999999999999999,True,0,False,3,45,8.89
user15,0.9370058100579107,0.8432205698098818,0.9116794731138392,0.13368513632365875,0.10491910442882824,0.10491910442882768,0.10554089709761605,0.11468521078576993,0.1,1.0,True,0,False,3,45,7.08
user16,0.9948090940753548,1.0,1.0,0.03626559526326919,0.0,0.0,0.0,0.5467478036880493,0.44,1.0,True,0,False,3,45,6.46
user18,0.9974917320867958,1.0,1.0,0.020689655172413834,0.0,0.0,0.0,0.48219215869903564,0.12,1.0,True,0,False,3,45,6.28
user19,0.9947400420095954,1.0,0.9999987206598089,0.035447761194029814,0.00036923726131448466,0.00036923726131448276,0.0018656716417906965,0.5148603882275499,0.38,1.0,True,0,False,3,45,7.1
user2,0.9975787640921849,1.0,1.0,0.010532602204245615,0.0,0.0,0.0,0.6288456916809082,0.18,1.0,True,0,False,3,45,7.06
user20,0.9893890175783234,1.0,1.0,0.0404721753794266,0.0,0.0,0.0,0.337417334318161,0.1,0.9961356252993346,True,0,False,3,45,7.88
user21,0.9701640552415576,0.9717105610386869,0.9997053263847995,0.10819654826621629,0.008602945057265002,0.008602945057264957,0.009140767824495586,0.3998131771125271,0.44,1.0,True,0,False,3,45,6.55
user22,0.9951380044761052,1.0,1.0000000000000002,0.028725030306224635,0.0,0.0,0.0,0.5373731851577759,0.34,1.0,True,0,False,3,45,7.97
user23,0.9925785751794465,1.0,1.0,0.03564727954971858,0.0,0.0,0.0,0.5205324292182922,0.18,1.0,True,0,False,3,45,6.19
user24,0.9602148420854855,1.0,1.0,0.09451795841209831,0.0,0.0,0.0,0.33917146921157837,0.08,1.0,True,0,False,3,45,8.15
user25,0.9995931195374888,1.0,0.9995931195374888,0.009013757840915081,0.009013757840915081,0.009013757840915034,0.009560229445504864,0.7572144146121665,1.0,0.9996433979803705,True,0,False,3,45,6.37
user3,0.9592381871398714,1.0,0.9999610501838256,0.10673207958571818,0.0017406440382942145,0.0016898337421640684,0.0017406440382940172,0.5126870180390211,0.5,1.0,True,0,False,3,45,9.53
user4,0.9759707495118295,0.9999999999999999,0.999998353844058,0.0736842105263158,0.001052631578947416,0.0009167385677307975,0.0010526315789472576,0.36050947523117066,0.06,1.0,True,0,False,3,45,7.64
user5,0.9917624761691578,1.0,1.0,0.03659550873301913,0.0,0.0,0.0,0.37879738211631775,0.22,1.0,True,0,False,3,45,7.13
user6,0.9971663701968384,0.9999999999999999,0.9999886097953424,0.021422541156606162,0.0018450184501844769,0.0016884761502743686,0.0018450184501841614,0.4958261419452461,0.5,1.0,True,0,False,3,45,5.68
user7,0.8982270914226831,1.0,1.0,0.1725477323704798,0.0,0.0,0.0,0.41018661856651306,0.1,1.0,True,0,False,3,45,8.41
user8,0.9988359542764498,0.9416838450688945,0.999827687149054,0.014150943396226467,0.005660377358490565,0.005479006184224772,0.005660377358490032,0.3222496043241249,0.36,1.0,True,0,False,3,45,6.12
user9,0.99957708914945,1.0,0.999999213433012,0.0058083252662148865,0.0005958507123124424,0.0005958507123124393,0.0009680542110357243,0.3598448790819297,0.5,1.0,True,0,False,3,45,6.95
user1,0.9870703895162739,1.0,0.9996705666399147,0.04770813844714683,0.008657047724750278,0.00865704772475023,0.00935453695042008,0.3557571587366745,0.32,1.0,True,0,False,4,46,6.56
user10,0.9709082706628234,1.0,0.9994456746844614,0.0887531241321855,0.011070110701106972,0.011052485420716407,0.011070110701105989,0.4047782729032736,0.26,1.0,True,0,False,4,46,7.88
user12,0.9620875077102388,1.0,0.9995342386323927,0.09600490332646125,0.013134851138353776,0.013094110436284544,0.013134851138352615,0.34098153852004615,0.36,1.0,True,0,False,4,46,7.03
user13,0.9953797919391099,1.0,0.9999911226373971,0.03409090909090906,0.0018939393939394478,0.001831797855718971,0.0018939393939390351,0.290501957320991,0.22,1.0,True,0,False,4,46,7.05
user14,0.9812982244641688,1.0,0.9999793393385064,0.0656303972366149,0.0025096202108080977,0.002509620210808084,0.00259067357512931,0.41109482344425063,0.4,1.0,True,0,False,4,46,7.46
user15,0.954547267255827,0.84375,0.9774936329772974,0.10466138962181182,0.062445030782761646,0.06233288770053442,0.06244503078275616,0.12441753177554547,0.12,1.0,True,0,False,4,46,7.54
user16,0.986066372800623,1.0,1.0,0.06491228070175437,0.0,0.0,0.0,0.4006170928478241,0.04,0.9982343629884614,True,0,False,4,46,5.91
user18,0.9978753024318648,1.0,0.9999791925010895,0.024179620034542326,0.003454231433506094,0.002971366828741205,0.003454231433505448,0.4628948028753756,0.48,1.0,True,0,False,4,46,7.45
user19,0.9943479661952791,1.0,0.9999728839136764,0.024919093851132685,0.0018214936247723523,0.0016720604099244786,0.0018214936247719813,0.39802746523599153,0.4,1.0,True,0,False,4,46,5.88
user2,0.9978737836192055,1.0,0.9999007544323384,0.012366034624896938,0.0032976092333057982,0.0031886328037592127,0.0032976092333055814,0.5627111666770594,0.5,1.0,True,0,False,4,46,8.82
user20,0.9904045009753699,1.0,0.9904045009753699,0.03860294117647056,0.03860294117647056,0.03882448099218098,0.03860294117646349,0.8076510620327203,1.0,0.9828572032752944,True,0,False,4,46,6.57
user21,0.9802646625527802,1.0,0.9999997856532121,0.06396944100715554,0.00010760208748049712,0.00010760208748049655,0.0019920318725095633,0.46807963351895004,0.36,1.0,True,0,False,4,46,7.48
user22,0.9707916466916083,1.0,0.9999598491290874,0.10160629581716257,0.0038270806382061234,0.003827080638206103,0.005586592178769909,0.4808093697979641,0.5,1.0,True,0,False,4,46,6.52
user23,0.9958747006486606,1.0,1.0,0.02264761391210569,0.0,0.0,0.0,0.334467351436615,0.1,1.0,True,0,False,4,46,7.43
user24,0.9789096625942418,1.0,0.999888846212977,0.0627062706270627,0.004950495049504955,0.002110047070280787,0.0049504950495041335,0.32328708469867706,0.28,1.0,True,0,False,4,46,6.33
user25,0.9993869733300186,1.0,0.9999354275141406,0.013842507809975223,0.003824091778202643,0.003824194764623485,0.0038240917782019455,0.7450602152100892,0.78,0.9998603966204648,True,0,False,4,46,7.66
user3,0.9177025591027606,1.0,1.0,0.17961380534901786,0.0,0.0,0.0,0.612427294254303,0.32,1.0,True,0,False,4,46,7.76
user4,0.989600511836955,1.0,0.9999911211956789,0.04105263157894734,0.001052631578947416,0.0010474667842769667,0.0010526315789472576,0.32760827811140764,0.04,1.0,True,0,False,4,46,8.82
user5,0.9939352670677536,1.0,0.9999999999999999,0.03587443946188341,0.0,0.0,0.0,0.33630672097206116,0.24,1.0,True,0,False,4,46,6.75
user6,0.9961083485524486,1.0,0.9998955756762385,0.03791597001240494,0.005474452554744547,0.005339517825359985,0.005474452554743526,0.48208345024575644,0.5,1.0,True,0,False,4,46,6.95
user7,0.9139743765185218,1.0,0.9977736179354043,0.17023255813953486,0.023537248806483845,0.023537248806483717,0.024186046511625658,0.3056626512093193,0.32,1.0,True,0,False,4,46,7.82
user8,0.999136166365091,1.0,0.9997222504204442,0.008430861389982806,0.004714626435187753,0.004714626435187727,0.0047169811320750266,0.422997932854875,0.5,1.0,True,0,False,4,46,7.93
user9,0.9999991244270534,1.0,1.0,0.0007217811337515963,0.0,0.0,0.0,0.5108152031898499,0.5,1.0,True,0,False,4,46,6.13
user1,0.9957467331618461,1.0,0.9999177520442272,0.019008083897749616,0.004214963119072657,0.004151190736290124,0.004214963119072264,0.6076059789948463,0.5,1.0,True,0,False,5,47,8.1
user10,0.9919680170375554,1.0,1.0,0.0376983030236029,0.0,0.0,0.0,0.469282865524292,0.34,1.0,True,0,False,5,47,7.1
user12,0.9818832966372535,0.88999392231615,0.9870679121290397,0.07050113265926294,0.04663212435233166,0.04624564893087991,0.04663212435232758,0.318668395805853,0.34,1.0,True,0,False,5,47,9.36
user13,0.9506651512521667,1.0,0.999975225230508,0.1246537396121884,0.001375952582557155,0.0013759525825571479,0.0027700831024923076,0.2270427498569007,0.08,1.0,True,0,False,5,47,6.09
user14,0.9826913226977939,1.0,0.9999498021002367,0.05951724898049157,0.004078033726441089,0.004078033726441067,0.0045004500450040955,0.5012429636368004,0.34,1.0,True,0,False,5,47,9.81
user15,0.9958358837580044,1.0,0.9999836156991746,0.02995594713656391,0.001986535702461097,0.001986535702461086,0.002643171806167168,0.26827121080250793,0.18,0.9850165865932959,True,0,False,5,47,7.08
user16,0.9912954541339337,1.0,1.0,0.0433710395110706,0.0,0.0,0.0,0.5559943914413452,0.12,0.9999796775252073,True,0,False,5,47,7.42
user18,0.9982356197134936,1.0,1.0,0.019541706820858765,0.0,0.0,0.0,0.5476499199867249,0.4,1.0,True,0,False,5,47,6.28
user19,0.9994863379355687,1.0,0.9999986324786325,0.010293333333333333,0.00064,0.0006399999999999967,0.0019723865877708142,0.3710958948898315,0.36,1.0,True,0,False,5,47,7.57
user2,0.9978445105241506,1.0,0.9998922666458083,0.016792285524273996,0.002473206924979432,0.0022168033695411098,0.002473206924979186,0.5725118619395206,0.5,1.0,True,0,False,5,47,6.92
user20,0.9283264944562645,0.8990271541586488,0.9529240094046243,0.14389799635701273,0.09471766848816032,0.09471883686123533,0.09471766848814303,0.19776894697726097,0.14,1.0,True,0,False,5,47,7.38
user21,0.9923551329207297,1.0,1.0,0.035350573180485206,0.0,0.0,0.0,0.5239822268486023,0.4,1.0,True,0,False,5,47,6.07
user22,0.9968213246056736,1.0,1.0,0.02060204953031597,0.0,0.0,0.0,0.5659583806991577,0.26,1.0,True,0,False,5,47,7.86
user23,0.9969510272223235,1.0,0.9999968766718621,0.024528301886792447,0.0016553639130666951,0.0016553639130666865,0.0018867924528298324,0.5449917626443304,0.5,1.0,True,0,False,5,47,5.98
user24,0.9862895623834956,0.7557313097846416,0.9238403979932165,0.06433823529411764,0.09453321220541869,0.0945332122054182,0.09558823529410007,0.20609316325615137,0.22,1.0,True,0,False,5,47,8.09
user25,0.9968973906809656,1.0,0.9998581326045771,0.024073876374506246,0.005736137667303964,0.005711540514572405,0.005736137667302918,0.5800545040231876,0.58,0.9993298650094912,True,0,False,5,47,6.01
user3,0.9230347889841324,1.0,1.0,0.15745079662605432,0.0,0.0,0.0,0.6381244659423828,0.32,0.9778373933044002,True,0,False,5,47,9.04
user4,0.9699413278569486,1.0,0.9840735705120608,0.08488004875616377,0.06604244002437808,0.06604244002437772,0.06622516556290842,0.6661205056750733,0.84,0.9900761176206359,True,0,False,5,47,7.67
user5,0.9892288983669242,1.0,1.0,0.03667262969588547,0.0,0.0,0.0,0.34762993454933167,0.06,1.0,True,0,False,5,47,8.0
user6,0.9966049877413878,1.0,1.0,0.022222222222222254,0.0,0.0,0.0,0.6092453002929688,0.46,1.0,True,0,False,5,47,5.73
user7,0.9782902547811578,1.0,1.0,0.07547169811320753,0.0,0.0,0.0,0.5064111948013306,0.26,1.0,True,0,False,5,47,10.12
user8,0.9971924113917866,0.5923038783605112,0.9956876970539378,0.022807404142794183,0.02743499338915822,0.02743499338915807,0.028054298642531398,0.2914237352855645,0.36,1.0,True,0,False,5,47,6.63
user9,1.0,1.0,1.0,0.0,0.0,0.0,0.0,0.5931228995323181,0.5,1.0,True,0,False,5,47,7.09
user1,0.9553076805505192,1.0,0.9998911338758552,0.13194114855244424,0.0063808469124083745,0.0063808469124083415,0.007259528130670847,0.3968944452482582,0.44,1.0,True,0,False,6,48,6.64
user10,0.996316339715761,1.0,1.0,0.032590051457976,0.0,0.0,0.0,0.4718504250049591,0.32,1.0,True,0,False,6,48,8.63
user12,0.9704707927257433,1.0,0.9985882630853885,0.09412780656303976,0.01988681440736235,0.01988681440736225,0.019861830742658043,0.32285071423073036,0.34,1.0,True,0,False,6,48,7.25
user13,0.9855834087675652,0.9179649588803187,0.9797203685824031,0.06967359656740052,0.05327868852459017,0.053481125810900275,0.053278688524579246,0.15873098337929117,0.2,1.0,True,0,False,6,48,6.76
user14,0.9888784301726135,1.0,0.999968362525012,0.04389815627743632,0.004389815627743654,0.004385501426608875,0.004389815627743249,0.3730106365272515,0.2,1.0,True,0,False,6,48,7.18
user15,0.9624548052469779,1.0,0.9996807122492981,0.09626232273709737,0.010543518372080764,0.010543518372080708,0.010948905109488052,0.21649435239371365,0.14,0.9976189565283927,True,0,False,6,48,8.63
user16,0.9942096254861694,0.6312919248297404,0.9884177224380428,0.035447761194029814,0.035447761194029814,0.03543448205233225,0.035447761194023236,0.2591241807857558,0.32,0.9999999999999999,True,0,False,6,48,5.85
user18,0.993919691257501,1.0,0.9999620764271533,0.03376090302719343,0.003694202154951257,0.0036942021549512386,0.005217391304346918,0.40760128266570383,0.46,1.0,True,0,False,6,48,7.22
user19,0.9940813809330239,0.9727664375833418,0.9989713592476268,0.03880070546737213,0.012719253256744282,0.012719253256744218,0.014109347442678286,0.3571734244346081,0.44,1.0,True,0,False,6,48,6.13
user2,0.9995764723171314,1.0,1.0,0.007441860465116301,0.0,0.0,0.0,0.5754339694976807,0.3,0.9980456362297433,True,0,False,6,48,9.47
user20,0.9839803529974362,0.7181295849792233,0.9767136687762039,0.045454545454545414,0.047202797202797186,0.047042528087005354,0.04720279720278895,0.11571143516552604,0.14,1.0,True,0,False,6,48,6.08
user21,0.9972570882735341,1.0,1.0,0.017815091635097778,0.0,0.0,0.0,0.6920857429504395,0.44,1.0,True,0,False,6,48,7.4
user22,0.9963120701214213,1.0,1.0,0.029126213592232997,0.0,0.0,0.0,0.3582669794559479,0.28,1.0,True,0,False,6,48,6.16
user23,0.995388911024541,0.9999999999999999,1.0,0.02814258911819889,0.0,0.0,0.0,0.2812303304672241,0.22,1.0,True,0,False,6,48,7.29
user24,0.9929127387526736,1.0,0.9999889130488017,0.04519774011299438,0.0028667963550732057,0.0028667963550731913,0.0037664783427488195,0.47227615258082695,0.46,0.9958912626302187,True,0,False,6,48,6.3
user25,0.999596936186667,1.0,1.0,0.007648183556405397,0.0,0.0,0.0,0.6429699659347534,0.46,1.0,True,0,False,6,48,7.99
user3,0.9624381589172862,0.9380420324554404,0.9708713994549565,0.11496062992125988,0.10470869912210694,0.1047086991221064,0.10472440944881065,0.3778447241946781,0.48,1.0,True,0,False,6,48,7.52
user4,0.993031119806625,0.9144330993405658,0.9955399293281451,0.030927835051546393,0.014518187619655393,0.014518187619655317,0.015067406819982945,0.32232522367765437,0.2,1.0,True,0,False,6,48,8.78
user5,0.9967662454136228,1.0,0.9999999999999999,0.022618231665524346,0.0,0.0,0.0,0.44832292199134827,0.08,1.0,True,0,False,6,48,6.7
user6,0.997760563398751,1.0,0.9999698398684344,0.018281535648994485,0.003656307129798919,0.003586433036171721,0.0036563071297982344,0.42199730701485755,0.42,1.0,True,0,False,6,48,7.17
user7,0.9033442647668589,1.0,0.9999924610803271,0.17154811715481166,0.00100688924218336,0.0010068892421833545,0.0016736401673638766,0.3844447336976466,0.36,1.0,True,0,False,6,48,7.48
user8,0.9987518615040953,0.16787974683544304,0.9968249661110793,0.014479638009049722,0.01628959276018105,0.01635021097046405,0.016289592760179522,0.2994435904589712,0.4,1.0,True,2,True,6,48,22.62
user9,1.0,1.0,1.0,0.0,0.0,0.0,0.0,0.8375544548034668,0.5,1.0,True,0,False,6,48,6.0
user1,0.9896892989592718,1.0,1.0,0.03835360149672595,0.0,0.0,0.0,0.3311566412448883,0.22,1.0,True,0,False,7,49,8.34
user10,0.9997488207491566,1.0,1.0,0.009140767824497242,0.0,0.0,0.0,0.5870231986045837,0.28,1.0,True,0,False,7,49,6.47
user12,0.9787549350141698,1.0,1.0,0.07167985927880387,0.0,0.0,0.0,0.4709307849407196,0.14,1.0,True,0,False,7,49,8.55
user13,0.9629643573689957,1.0,0.9984645069568429,0.09026558092500932,0.018939393939393923,0.018627920591835552,0.018939393939390353,0.3408084809093643,0.36,1.0,True,0,False,7,49,5.96
user14,0.9895320840027855,1.0,1.0,0.04389815627743632,0.0,0.0,0.0,0.44999998807907104,0.0,1.0,True,0,False,7,49,8.95
user15,0.9869574583115106,1.0,0.9999796762713263,0.05339366515837107,0.002910169119262025,0.0029101691192620093,0.0027149321266965866,0.32311048788891344,0.24,0.9673161081501569,True,0,False,7,49,6.54
user16,0.9940509311899259,0.9999999999999999,1.0,0.028070175438596467,0.0,0.0,0.0,0.3935062289237976,0.18,0.9999591365524967,True,0,False,7,49,6.76
user18,0.9987565750055827,1.0,0.9999969033816134,0.013245033112582738,0.0016556291390728006,0.0016566023619943267,0.0016556291390725734,0.6272481931964862,0.5,1.0,True,0,False,7,49,6.23
user19,0.9976756561776805,0.9098351940457203,0.9916197163160725,0.020680489101541733,0.018819776714513556,0.01881977671451346,0.019723865877708142,0.32030888490699694,0.24,1.0,True,0,False,7,49,7.45
user2,0.9831577269934193,0.7739282973358185,0.9831577269934193,0.06511627906976747,0.06511627906976747,0.06545334941344115,0.06511627906976138,0.6451194208061708,1.0,0.9781622647997289,True,0,False,7,49,6.9
user20,0.9617660179983142,1.0,0.9999420318918598,0.13051470588235292,0.003676470588235281,0.0035689554146912934,0.003676470588234618,0.31775300591526673,0.26,0.9812897774461408,True,0,False,7,49,7.26
user21,0.9696977459265875,1.0,0.9997820240981222,0.1064997336174747,0.008204581779435269,0.008204581779435225,0.009140767824495586,0.44314789047695946,0.48,1.0,True,0,False,7,49,5.89
user22,0.9921282387847605,0.9999999999999999,0.9994792952206076,0.04318689501116903,0.009708737864077666,0.009626635464312257,0.009708737864075783,0.32826165840463734,0.36,1.0,True,0,False,7,49,8.11
user23,0.9955840599022527,0.9444148652965605,0.9908867806420344,0.04299065420560744,0.032105207113193486,0.03210520711319331,0.03364485981307782,0.2148524544337359,0.24,0.9980925164486464,True,0,False,7,49,6.17
user24,0.9838372178195227,1.0,1.0,0.05860113421550095,0.0,0.0,0.0,0.46245312690734863,0.18,1.0,True,0,False,7,49,8.08
user25,0.9981147582798161,0.9440364513535245,0.9940168151059022,0.017367997855802734,0.019726614848566068,0.019726614848565964,0.02114803625377324,0.18806252430029127,0.12,1.0,True,0,False,7,49,6.2
user3,0.9856905608575834,1.0,0.9999926706699179,0.06440382941688427,0.0017406440382942145,0.0015962131219726906,0.0017406440382940172,0.5446578782781294,0.44,1.0,True,0,False,7,49,10.38
user4,0.9789483539274709,1.0,1.0,0.05857786569952742,0.0,0.0,0.0,0.4043053984642029,0.2,1.0,True,0,False,7,49,7.3
user5,0.9930811262966278,1.0,1.0,0.03703703703703709,0.0,0.0,0.0,0.3363106846809387,0.22,1.0,True,0,False,7,49,7.74
user6,0.9977778721941328,1.0,1.0,0.025360967552879747,0.0,0.0,0.0,0.5085843801498413,0.4,1.0,True,0,False,7,49,5.99
user7,0.9881160415559864,1.0,1.0,0.04433091628213579,0.0,0.0,0.0,0.47282153367996216,0.18,1.0,True,0,False,7,49,8.94
user8,0.998323749691253,1.0,0.9998746410009703,0.016037735849056656,0.006603773584905714,0.006682368406638514,0.006603773584905037,0.36964313714411035,0.38,1.0,True,0,False,7,49,6.35
user9,0.9999999522903085,1.0,1.0,5.505698397841766e-05,0.0,0.0,0.0,0.47329169511795044,0.5,1.0,True,0,False,7,49,7.85
user1,0.9984923971219853,1.0,1.0,0.017086330935251803,0.0,0.0,0.0,0.2350631207227707,0.16,1.0,True,0,False,8,50,6.75
user10,0.9964328726460339,1.0,0.9999956147799457,0.027782362326016396,0.0018115942028985586,0.0013203498927215642,0.0018115942028983866,0.25852139306191346,0.2,1.0,True,0,False,8,50,7.81
user12,0.96808457311042,0.938641505269547,0.9917144332381574,0.09758203799654575,0.0474956822107081,0.04745351211168103,0.047495682210704014,0.2634737393553393,0.32,1.0,True,0,False,8,50,7.71
user13,0.9518800729257055,1.0,0.9960340688924116,0.13069908814589665,0.0339678984695782,0.033967898469578026,0.03409090909090263,0.09946909461750296,0.1,1.0,True,0,False,8,50,6.32
user14,0.9797049546408302,1.0,0.998530082020978,0.06760316066725203,0.014925373134328401,0.013780178591114467,0.014925373134327046,0.46819281120544304,0.46,1.0,True,0,False,8,50,7.06
user15,0.9822264006835129,1.0,0.9822264006835129,0.060633484162895934,0.060633484162895934,0.060189260563379955,0.06063348416289044,0.8392527485366368,1.0,0.9954286348444789,True,0,False,8,50,7.94
user16,0.9854580411434967,1.0,1.0,0.0629139072847682,0.0,0.0,0.0,0.551827073097229,0.22,0.9891422045011348,True,0,False,8,50,6.08
user18,0.9999155653073316,1.0,0.9999999999999999,0.004497510306794453,0.0,0.0,0.0,0.6513763666152954,0.18,1.0,True,0,False,8,50,7.34
user19,0.9890087562384114,1.0,1.0,0.051836429639120225,0.0,0.0,0.0,0.42977046966552734,0.2,0.9986752849209755,True,0,False,8,50,6.04
user2,0.9983032938285104,1.0,1.0,0.008129188179720971,0.0,0.0,0.0,0.4356551468372345,0.16,1.0,True,0,False,8,50,8.8
user20,0.9880035619361196,1.0,1.0,0.05444646098003625,0.0,0.0,0.0,0.36803144216537476,0.12,0.9949845992440852,True,0,False,8,50,6.14
user21,0.9929480922014299,1.0,1.0,0.036231884057971064,0.0,0.0,0.0,0.47049301862716675,0.42,1.0,True,0,False,8,50,7.16
user22,0.990524938185061,1.0,0.9998125284634847,0.051323090055484424,0.006935552710200597,0.006935552710200561,0.007448789571693212,0.5201840921187065,0.5,1.0,True,0,False,8,50,6.25
user23,0.9948706131899381,1.0,1.0,0.02264150943396226,0.0,0.0,0.0,0.38697487115859985,0.32,1.0,True,0,False,8,50,7.27
user24,0.9873791111198912,0.9431629649451432,0.9827588436333202,0.05753278030505753,0.0531977522076532,0.05319775220765292,0.05369127516777622,0.46372280732207927,0.52,0.9948787155895665,True,0,False,8,50,6.48
user25,0.9985148080078055,1.0,1.0,0.018796992481203034,0.0,0.0,0.0,0.47979968786239624,0.32,1.0,True,0,False,8,50,7.5
user3,0.971435802855263,1.0,1.0,0.09044782704610634,0.0,0.0,0.0,0.492946594953537,0.42,1.0,True,0,False,8,50,7.59
user4,0.9850185621710705,1.0,1.0,0.05067917734984453,0.0,0.0,0.0,0.47334176301956177,0.3,1.0,True,0,False,8,50,9.15
user5,0.9940811911026459,0.9363771221361463,0.9960756124510863,0.026851851851851904,0.022222222222222254,0.02280094500302169,0.022222222222220162,0.4196466083327929,0.5,1.0,True,0,False,8,50,6.29
user6,0.9970261675859705,1.0,0.9998005614229977,0.02732240437158473,0.007847533632286996,0.007847533632286954,0.009107468123859907,0.41172653022368394,0.5,1.0,True,0,False,8,50,6.82
user7,0.945309023952975,1.0,0.9986816518869915,0.1246707638279192,0.017473266453533236,0.017473266453533143,0.017559262510972996,0.2726052600133512,0.24,0.994818263452063,True,0,False,8,50,7.46
user8,0.9992487933785711,1.0,0.9999981878674099,0.015147357444706657,0.0004390538389770046,0.0004390538389770022,0.0009433962264150053,0.28258839961261767,0.26,1.0,True,0,False,8,50,7.8
user9,1.0,0.9999999999999999,1.0,0.0,0.0,0.0,0.0,0.611082136631012,0.5,1.0,True,0,False,8,50,6.59
user1,0.9977070417174196,1.0,0.9999919577748212,0.02488479262672816,0.0009216589861751334,0.0010297544848517641,0.0009216589861750302,0.25677233973543756,0.24,1.0,True,0,False,9,51,8.6
user10,0.9974466395448616,1.0,0.9997502266634671,0.020583190394511175,0.006859009254218835,0.006859009254218798,0.006861063464836461,0.5151897070650568,0.36,1.0,True,0,False,9,51,6.97
user12,0.9648226724392088,1.0,0.9990973258202521,0.10717009916094584,0.013784461152882205,0.013784461152882132,0.014382402707274587,0.3114427511853383,0.32,1.0,True,0,False,9,51,8.41
user13,0.9957021684649525,1.0,1.0,0.037878787878787845,0.0,0.0,0.0,0.2961409389972687,0.16,1.0,True,0,False,9,51,5.76
user14,0.8828855541294965,1.0,1.0,0.18515205724508055,0.0,0.0,0.0,0.5748146176338196,0.08,1.0,True,0,False,9,51,8.56
user15,0.980930063175895,1.0,0.9999897576674004,0.056344902386117134,0.0021149674620390456,0.0021149674620390344,0.002737226277372013,0.1637855645374207,0.06,1.0,True,0,False,9,51,6.94
user16,0.9911100008675174,1.0,0.9999997376459214,0.04458060426790619,0.00015846186351151488,0.00015846186351151407,0.0016556291390725734,0.44752530169592786,0.42,1.0,True,0,False,9,51,6.91
user18,0.9976529465876914,1.0,0.9999996355719329,0.025109458247613018,0.00010550192541013873,0.00010550192541013819,0.001727115716752724,0.5232615477017425,0.5,1.0,True,0,False,9,51,6.07
user19,0.9964282207384132,1.0,1.0,0.027985074626865725,0.0,0.0,0.0,0.549691915512085,0.16,1.0,True,0,False,9,51,7.45
user2,0.9988241207422813,1.0,0.9988241207422813,0.008179405232652618,0.008179405232652618,0.008179405232652575,0.008372093023255036,0.9411508744790077,1.0,0.9988310337325564,True,0,False,9,51,7.28
user20,0.9898597977786312,1.0,0.9898597977786312,0.04254422914911542,0.04254422914911542,0.042544229149115195,0.044117647058815414,0.7783824527273684,1.0,0.980540000184269,True,0,False,9,51,7.46
user21,0.988988221374585,0.9999999999999999,0.9999995183879481,0.04836829836829837,0.0003178639542275906,0.0003178639542275889,0.0015151515151512855,0.4731656875643698,0.36,1.0,True,0,False,9,51,6.22
user22,0.9936863664053482,1.0,1.0,0.03262955854126681,0.0,0.0,0.0,0.5589982271194458,0.16,0.9999578991055055,True,0,False,9,51,7.8
user23,0.9962947491553373,1.0,1.0,0.02814258911819889,0.0,0.0,0.0,0.5544326901435852,0.5,1.0,True,0,False,9,51,6.02
user24,0.99031336572643,1.0,0.9985711645649509,0.04620462046204621,0.01722134178552562,0.01722134178552553,0.018151815181515155,0.3898563520088438,0.34,1.0,True,0,False,9,51,8.1
user25,0.9989698943475296,1.0,0.9999755690531317,0.012734161229214901,0.003759398496240629,0.0036834350663018122,0.0037593984962398944,0.5635011314577495,0.6,0.9993952104765127,True,0,False,9,51,6.01
user3,0.937135649027868,1.0,0.9994611664649655,0.14183123877917414,0.012213657583324286,0.012213657583324222,0.012567324955115568,0.504824989038212,0.42,1.0,True,0,False,9,51,9.24
user4,0.9814448611656317,0.9394104209724791,0.9902576156716594,0.07130434782608697,0.04695652173913045,0.04672033068639157,0.04695652173912635,0.1902150662941633,0.16,1.0,True,0,False,9,51,7.67
user5,0.9767908775100984,1.0,1.0,0.07487684729064037,0.0,0.0,0.0,0.30883267521858215,0.08,1.0,True,0,False,9,51,8.32
user6,0.998582235235522,1.0,1.0,0.014678899082568808,0.0,0.0,0.0,0.3885428309440613,0.32,1.0,True,0,False,9,51,5.73
user7,0.9630571801980766,1.0,0.9915762329568644,0.10202205882352944,0.046875,0.04688855160450973,0.04687499999999569,0.2564909930030505,0.28,1.0,True,0,False,9,51,9.33
user8,0.9974386307153672,0.6977375074602572,0.9975344509827654,0.0255005154359503,0.025339366515837125,0.02522923335684431,0.02533936651583481,0.3812413338426207,0.5,1.0,True,0,False,9,51,6.34
user9,0.9999993164513473,1.0,1.0,0.0004352083560004352,0.0,0.0,0.0,0.5433645248413086,0.5,1.0,True,0,False,9,51,7.43
